ジャンルID,ジャンル名,ジャンルレベル
101240,CD・DVD・楽器,1
101354,DVD,2
101355,洋画,3
101370,邦画,3
400007,アジア・韓国,3
300336,TVドラマ,3
400033,お笑い・バラエティー,3
211000,スポーツ,3
101374,アニメ,3
505030,特撮ヒーロー,3
300337,ミュージック,3
563988,TVドキュメンタリー,3
500182,趣味・実用・教養,3
400066,アイドル,3
207500,キッズ・ファミリー,3
508078,舞台,3
101950,その他,3
505034,Blu-ray,2
553486,洋画,3
553511,邦画,3
553498,アジア・韓国,3
553523,TVドラマ,3
553529,お笑い・バラエティー,3
553536,スポーツ,3
553550,アニメ,3
553602,ミュージック,3
564035,TVドキュメンタリー,3
553639,趣味・実用・教養,3
553651,アイドル,3
553664,キッズ・ファミリー,3
553674,舞台,3
505047,その他,3
101311,CD,2
200533,邦楽,3
200534,洋楽,3
553676,韓国（K-POP）・アジア,3
508084,ダンスミュージック,3
500000,ジャズ,3
406182,クラシック,3
406216,ワールドミュージック,3
508090,アニメ,3
406229,ゲームミュージック,3
508092,キッズ・ファミリー,3
200535,インストゥルメンタル,3
500127,イージーリスニング,3
300327,サウンドトラック,3
508119,演歌・純邦楽・落語,3
200191,その他,3
112493,楽器,2
205906,エレキギター,3
400258,アコースティックギター,3
205908,ギター周辺機器（アンプ・エフェクター・パーツ）,3
112499,ベース,3
211209,ウクレレ,3
400324,バイオリン,3
203020,弦楽器,3
211212,電子ピアノ・キーボード,3
203018,ピアノ,3
202996,オルガン,3
211233,ドラム,3
211303,パーカッション,3
211307,打楽器,3
204210,管楽器,3
204219,金管楽器,3
204211,木管楽器,3
204228,DJ機器,3
203019,和楽器,3
211356,リード楽器,3
500227,アコーディオン,3
211362,ハーモニカ,3
211357,鍵盤ハーモニカ,3
206023,パーツ・アクセサリー,3
206024,DTM・レコーディング・PA機器,3
405492,音楽ソフト,3
112998,その他,3
200531,レコード,2
406243,邦楽,3
406254,洋楽,3
500133,ジャズ,3
200551,クラシック,3
200552,アニメ・ゲーム,3
200553,その他,3
205900,カセット,2
205901,邦楽,3
205902,洋楽,3
406282,伝統音楽・芸能,3
207401,その他,3
101327,ビデオ,2
101328,洋画,3
101343,邦画,3
200667,TVドラマ,3
200705,お笑い・バラエティー,3
200623,スポーツ,3
101347,アニメ,3
200686,特撮ヒーロー,3
200624,ミュージック,3
200706,TVドキュメンタリー,3
200625,趣味・実用・教養,3
200626,アイドル,3
200627,ビデオCD,3
101946,その他,3
200532,LD,2
200556,洋画,3
200557,邦画,3
200558,スポーツ,3
200559,アニメ,3
200560,ミュージック,3
200561,趣味・実用・教養,3
200726,アイドル,3
200562,その他,3
112960,その他,2
100804,インテリア・寝具・収納,1
200166,収納家具,2
215682,リビング収納,3
215685,キッチン収納,3
203069,玄関収納,3
406398,トイレ収納,3
406405,ランドリー収納,3
205639,屋外収納,3
406390,本収納,3
400616,テレビ台,3
203071,CD・DVD・オーディオ収納,3
553694,洋タンス・クローゼット,3
300397,和タンス,3
210108,押入れ収納,3
505098,電話台・ファックス台,3
406425,ドレッサー・鏡台,3
406430,壁面家具,3
205638,キャビネット・コンソール,3
100847,ラック,3
300408,棚・シェルフ,3
400631,チェスト,3
300425,ケース・ボックス・小物,3
300436,すきま収納,3
203109,その他,3
100805,ライト・照明,2
215719,蛍光灯・電球,3
553698,LED電球・蛍光灯型,3
210133,スタンドライト,3
500281,デスクライト,3
500292,クリップライト,3
205653,シーリングライト（天井照明）,3
205654,壁掛け照明,3
500305,フットライト（足元灯）,3
406560,インテリアライト各種,3
215716,照明器具部品,3
210137,テーブルランプ・紙ランプ・ランタン,3
508156,センサーライト,3
101860,その他,3
100823,ベッド,2
505107,脚付きマットレス,3
400482,ベッドフレーム,3
400464,2段ベッド,3
400467,3段ベッド,3
508180,ロフト・システムベッド,3
205548,電動・リクライニングベッド,3
400470,折りたたみベッド,3
505109,畳ベッド,3
400473,ウォーターベッド,3
406451,ベッド部品・メンテナンス用品,3
215565,その他,3
215566,寝具,2
508183,マットレス,3
563689,掛け布団,3
205555,敷き布団,3
215613,掛け敷き布団セット,3
564566,フラットシーツ,3
205612,ボックスシーツ,3
205553,ベッドパッド,3
551221,敷きパッド・パッドシーツ,3
564567,枕・抱き枕,3
215663,枕カバー,3
205611,毛布,3
205613,タオルケット,3
505140,ガーゼケット,3
215667,キルトケット,3
205604,布団カバー,3
205568,ベッドカバー・ベッドスプレッド,3
210117,子供用寝具,3
562804,布団クリーニング,3
101862,その他,3
564568,こたつ用品,2
300375,こたつ用掛け布団,3
564577,こたつ用敷き布団,3
300380,こたつ布団掛敷セット,3
300381,こたつ布団カバー,3
205556,その他,3
205515,ソファ・ソファベッド,2
215430,ソファセット,3
215446,1人掛けソファ,3
215434,2人掛けソファ,3
215438,3人掛けソファ,3
215442,アームチェア,3
215450,リクライニングソファ,3
215454,カウチソファ,3
215458,コーナーソファ,3
215462,ハイバックソファ,3
300357,フロアソファ,3
400388,リクライニングローソファ,3
215466,ベンチソファー,3
400393,オットマン（足置き台）,3
553714,ソファベッド,3
100833,その他,3
111363,イス・チェア,2
215513,ダイニングチェア,3
215515,スツール（背もたれなし）,3
400409,折りたたみチェア,3
400412,スタッキングチェア,3
215519,スタンドチェア,3
205534,クッションチェア,3
500275,ロッキングチェア,3
215520,リクライニングチェア,3
215525,パーソナルチェア（1人掛け）,3
215531,カウンターチェア,3
215535,パソコンチェア,3
215538,座椅子,3
112814,その他,3
111346,テーブル,2
215476,ダイニングテーブル,3
215479,ローテーブル,3
215482,センターテーブル,3
215485,サイドテーブル,3
215488,ナイトテーブル,3
215491,カウンターテーブル,3
215494,コーヒーテーブル,3
215497,コレクションテーブル,3
215500,コンソールテーブル,3
215504,リフティングテーブル（昇降式）,3
210100,エクステンションテーブル（伸張式）,3
215507,ポットワゴン,3
215508,座卓,3
112812,その他,3
210102,ダイニングセット,2
400427,3点セット,3
400433,4点セット,3
400439,5点セット,3
400445,6点セット,3
400451,7点セット,3
205541,その他,3
111355,カーペット・ラグ・マット,2
551228,ラグ,3
205674,マット,3
215728,パネルカーペット,3
215729,タイルカーペット,3
205671,キリム,3
205672,ペルシャ,3
210147,ギャベ,3
215727,キレット,3
400649,防汚カーペット,3
400658,防音カーペット,3
400667,ループカーペット,3
400676,撥水カーペット,3
400685,ホットカーペット対応カーペット,3
400694,ウール製,3
400702,シルク製,3
400710,ウッド製,3
400718,麻製,3
400726,綿・インド綿,3
400734,コルク製,3
400742,バンブー製,3
505194,籐製,3
406572,い草,3
508251,アクリル製,3
508260,ナイロン製,3
112813,その他,3
205677,カーテン・ブラインド,2
300576,ドレープカーテン,3
300667,レースカーテン,3
300628,シャワーカーテン,3
300641,スタイルカーテン,3
300654,カフェカーテン,3
215734,カーテンレール,3
215752,タッセル,3
215753,房掛け・カーテンホルダー,3
300766,横型ブラインド,3
300775,縦型ブラインド,3
205678,ロールスクリーン,3
508284,ローマンシェード,3
100838,カーテン用品・部品,3
205703,その他,3
200119,インテリアファブリック（クッション・テーブルクロス・布装飾）,2
205718,クッション,3
300815,座布団,3
500314,ソファカバー,3
553753,ウォールステッカー,3
400761,テーブルランナー,3
400762,タペストリー,3
400763,マルチカバー,3
400764,イカット（壁掛け）,3
400766,壁紙,3
200159,その他,3
200167,デスク,2
215698,パソコンデスク,3
215702,書斎机,3
215706,ユニットデスク,3
215707,ライティングデスク,3
215708,その他,3
100863,インテリア小物・置物,2
400767,オルゴール,3
400770,小物入れ,3
111384,置物,3
111377,フォトフレーム,3
400782,傘立て,3
406625,キャラクターグッズ,3
111388,花瓶,3
215767,ゴミ箱,3
112816,その他,3
100857,時計,2
300823,置き時計,3
300829,掛け時計,3
300834,目覚まし時計,3
406601,温湿時計,3
100861,砂時計,3
215755,鳩時計,3
215756,振り子時計,3
508304,からくり時計,3
101865,その他,3
210143,鏡,2
500333,スタンドミラー,3
400795,壁掛け,3
215758,洗面鏡,3
215759,卓上ミラー,3
215760,三面鏡,3
100846,その他,3
300838,学習机,2
300839,イトーキ,3
300840,オカムラ,3
300841,カントリー,3
300842,くろがね,3
300843,コイズミ,3
203045,その他,3
203024,子供部屋（インテリア・寝具・グッズ）,2
400798,イス,3
210112,ベッド,3
210124,収納,3
210130,ラグ・カーペット,3
205167,テーブル,3
210131,カーテン,3
406679,ファブリック,3
210132,ライト・照明,3
205168,ハンガー・ポール,3
203048,その他,3
100933,オフィス家具,2
205725,オフィス収納,3
205737,テーブル（応接・会議・ロビー）,3
205738,パネル・パーテーション,3
205739,オフィスチェア,3
205726,オフィスデスク,3
300862,キャビネット・シェルフ,3
400811,応接セット,3
205728,役員用家具,3
215777,サイドワゴン,3
215780,スモーキング用スタンド（喫煙台）,3
215778,プロジェクター台,3
200112,その他,3
101863,その他（洋家具）,2
101861,その他（和家具）,2
500346,囲炉裏,3
500349,火鉢,3
100818,畳,3
205712,すだれ,3
100817,のれん,3
100815,掛け軸,3
100816,屏風,3
216833,その他,3
111427,その他（住宅）,2
210900,一戸建て,3
210904,マンション,3
210908,土地,3
210909,リゾート物件,3
210910,投資用物件,3
210911,ログハウス,3
112824,その他,3
405417,その他（不動産）,2
101859,その他,2
101164,おもちゃ・ホビー・ゲーム,1
101189,おもちゃ,2
201591,ベビー向けおもちゃ,3
201603,知育玩具,3
406700,ままごと・ごっこ遊びトイ,3
406704,ブロック,3
551256,車・電車・汽車のおもちゃ,3
205245,大型遊具,3
205246,砂あそび,3
553755,水あそび,3
213401,楽器玩具,3
205263,乗物玩具・三輪車,3
207520,スポーツ・外遊び玩具,3
400817,変身・なりきり,3
553764,クッキング・メイキングトイ,3
205279,電子玩具（電子ペット・カラオケ・パソコン・貯金箱）,3
201614,人形（着せ替え）,3
406770,キャラクタードール,3
201652,人形（日本人形・フランス人形）,3
201632,ぬいぐるみ,3
564223,日本の伝統玩具,3
553785,ガチャガチャ,3
553789,超合金・ロボット,3
207659,テーブルカードゲーム,3
207662,テーブルボードゲーム,3
201599,おもちゃ箱,3
400872,インテリアホビー,3
400873,科学・教育,3
565031,キッズコスメ・アクセサリー,3
101914,その他,3
112203,フィギュア,2
400962,美少女,3
400883,映画,3
400905,特撮・ヒーロー,3
400916,アニメ・コミック,3
400941,ゲーム,3
400959,スポーツ,3
406842,格闘技,3
400875,芸能人・タレント,3
400987,時代劇,3
112947,その他,3
101165,趣味・コレクション,2
406755,ヨーヨー,3
406810,食玩・おまけグッズ,3
508328,ソフビ（ソフトビニール人形）,3
213517,鉄道模型,3
207609,プラモデル,3
101187,模型,3
207622,ラジコン,3
207563,ミニカー,3
112197,カード・トレーディングカード,3
101178,キャラクターグッズ,3
112173,アニメグッズ,3
112149,スポーツグッズ,3
406761,ベイブレード,3
400988,F1グッズ,3
101182,格闘技グッズ,3
101174,芸能人・タレントグッズ,3
200420,テレカ・プリペイドカード,3
101168,喫煙具（ジッポ・パイプ・灰皿）,3
213716,ビリヤード,3
213721,ダーツ,3
401023,パチンコ,3
401026,パチスロ,3
213656,パズル,3
213647,手品・マジック,3
213662,アンティークトイ,3
300897,切手・官製はがき,3
300920,貨幣,3
505305,記念メダル,3
101186,イヤープレート,3
213684,ミリタリー・トイガン,3
112938,その他,3
101205,テレビゲーム,2
563543,WiiU,3
563544,プレイステーション4,3
563545,XboxOne,3
553848,Nintendo 3DS,3
562921,プレイステーション・ヴィータ,3
500481,プレイステーション3,3
206062,プレイステーション・ポータブル,3
300955,Xbox360,3
206076,Nintendo DS,3
500739,Wii,3
112243,プレイステーション2,3
112257,プレイステーション,3
200192,ゲームキューブ,3
200592,ゲームボーイアドバンス,3
112289,NINTENDO 64,3
112303,ゲームボーイ,3
112317,スーパーファミコン,3
200193,Xbox,3
112271,ドリームキャスト,3
112285,セガサターン,3
200588,メガドライブ,3
200589,ファミコン,3
200590,PC-Engine,3
200591,NEOGEO,3
200593,ワンダースワン,3
200594,アーケードゲーム,3
101915,その他,3
213731,パーティー・イベント用品・販促品,2
213732,花火,3
213738,パーティー・イベント用品,3
201587,景品,3
201588,販促品,3
551342,ウエディング,3
213749,コスプレ・変装・仮装,3
213781,お祭り・縁日用品,3
551348,ハロウィン用品,3
213795,クリスマス用品,3
112241,その他,3
112132,占い・開運・風水・パワーストーン,2
300978,石・天然石・パワーストーン,3
213812,絵・カード,3
112134,置物・壁掛け,3
508399,財布,3
112937,その他,3
101222,アート・美術品・骨董品・民芸品,2
101223,絵画,3
406923,彫刻,3
406930,書,3
101234,骨董品・アンティーク,3
101229,工芸品・民芸品,3
406936,写真,3
406942,額縁,3
101237,ステンドグラス,3
200432,化石,3
101917,その他,3
206324,囲碁・将棋・麻雀・チェス,2
213816,囲碁,3
213821,将棋,3
213828,麻雀,3
207665,チェス,3
112322,その他,3
112928,その他,2
100533,キッズ・ベビー・マタニティ,1
207698,ジュニア,2
207699,子供服・洋品（帽子・水着・アクセサリー）,3
213847,靴,3
550004,靴下・タイツ・スパッツ,3
213855,下着・肌着・パジャマ,3
551402,着物・浴衣・和小物,3
401092,バッグ,3
401096,雑貨・小物（お弁当グッズ・タオル・文具類）,3
406978,教材,3
401102,福袋,3
207724,その他,3
111078,キッズ,2
100542,子供服・洋品（帽子・水着・雨具）,3
200852,靴,3
551525,靴下・タイツ・スパッツ,3
200850,下着・肌着・パジャマ,3
551529,着物・浴衣・和小物,3
200854,バッグ・ランドセル,3
205157,雑貨・小物（お弁当グッズ・タオル・文具類）,3
401118,セーフティグッズ,3
203058,知育・教材,3
401127,福袋,3
101830,その他,3
111102,ベビー,2
111103,ベビー服,3
564615,ベビー用品・小物,3
200811,靴,3
551630,靴下・タイツ・スパッツ,3
200807,下着・肌着・パジャマ,3
551643,着物・浴衣・和小物,3
200833,おでかけ（ベビーカー・チャイルドシート・抱っこひも）,3
200822,家具・ねんね,3
200815,おふろ,3
213972,トイレ・おむつ,3
205200,衛生・ヘルスケア,3
200827,授乳・お食事,3
200839,セーフティーグッズ（ベビーサークル・ベビーゲート）,3
203057,知育・教材,3
204003,年中行事・ひな祭り・子供の日,3
401187,福袋,3
101829,その他,3
111116,マタニティ・ママ,2
200859,マタニティウエア,3
200872,マタニティ用下着・肌着,3
204012,産後リフォーム用品,3
401193,パジャマ・ネグリジェ,3
205237,マタニティ食品,3
204015,産前・産後小物（妊娠線予防クリーム・母子手帳ケース）,3
551713,マタニティビクス・ヨガ,3
401198,福袋,3
205236,マタニティ水着,3
204010,マザーバッグ,3
112775,その他,3
508445,出産祝い・内祝い・ギフト,2
205222,ギフトセット,3
550010,カタログギフト,3
205226,メモリアル・記念品,3
508446,その他,3
101828,その他,2
215783,日用品雑貨・文房具・手芸,1
100554,日用品・生活雑貨,2
100679,収納用品,3
210188,消臭剤・デオドラント,3
401619,芳香剤・フレグランス,3
401638,虫除け・殺虫剤,3
505528,スリッパ・ルームシューズ,3
205779,梱包資材,3
100677,マット類,3
100675,エコバッグ,3
100672,袋,3
100668,ティッシュ,3
210191,冠婚葬祭,3
301587,ろうそく,3
508450,キャンドルスタンド,3
301591,接着剤,3
401626,作業用手袋・軍手,3
551720,環境・エコロジーグッズ,3
101833,その他,3
216011,洗剤・柔軟剤,2
216012,キッチン用洗剤,3
216017,バス（お風呂）用洗剤,3
216022,トイレ用洗剤,3
216027,掃除用洗剤,3
210182,洗濯用洗剤,3
559647,柔軟剤,3
216834,その他,3
111475,バス用品,2
111477,洗面器,3
100650,バスマット（ラグ・足拭きマット）,3
505429,浴槽・浴室内マット,3
401576,風呂桶,3
401580,イス,3
401583,ボディタオル,3
401589,スポンジ,3
401595,ブラシ,3
215987,軽石,3
100624,石けん・ボディソープ,3
505431,石けんケース・石けん台,3
505436,ボディソープ・シャンプーボトル,3
205761,入浴剤,3
215988,へアーバンド,3
215989,風呂ふた,3
508456,シャワーヘッド,3
401603,バスローブ,3
401604,バス保温器,3
401605,バスラジオ,3
210176,タオルハンガー,3
505441,整理棚・ラック,3
505445,ギフトセット,3
508464,お風呂枕,3
101838,その他,3
100664,タオル,2
551732,バスタオル,3
551736,フェイスタオル,3
551740,ハンドタオル,3
216032,ミニタオル,3
563684,タオルハンカチ,3
301554,ギフトセット,3
101841,その他,3
100656,掃除用具,2
401608,ほうき,3
216003,チリトリ,3
401611,ダスター・雑巾,3
401612,モップ,3
301535,モップ絞り器,3
216004,はたき,3
216005,清掃用ワイパー,3
501112,高圧洗浄機,3
401615,ガラス掃除用品,3
205775,ワックス,3
100658,バケツ,3
505472,ブラシ・たわし（柄付）,3
505473,ブラシ・たわし（柄なし）,3
101839,その他,3
111469,トイレ用品,2
215991,カバー類,3
100651,トイレマット,3
505457,トイレマット・カバー類セット,3
501098,トイレットペーパー,3
210178,便座,3
501109,携帯用洗浄機,3
215996,便座シート,3
215997,掃除用具,3
112831,その他,3
100645,洗濯用品,2
551718,洗濯リング,3
551719,洗濯ボール,3
100648,洗濯台,3
505478,洗濯板,3
505479,タライ,3
201583,洗濯物入れ,3
205776,洗濯ネット,3
100646,洗濯バサミ,3
301536,物干し,3
210186,ランドリーラック,3
210187,アイロン台,3
101837,その他,3
100660,洗面用具,2
210181,歯ブラシスタンド・ホルダー,3
100663,ブラシ・クシ,3
101840,その他,3
100878,アロマ・癒しグッズ,2
210329,アロマオイル,3
551744,エッセンシャルオイル（精油）,3
551798,キャリアオイル,3
407120,ディフューザー,3
216082,アロマスプレー,3
111210,アロマポット,3
216083,アロマグッズ,3
210397,お香,3
216087,キャンドル,3
216091,アロマ石けん,3
111213,アロマテラピーセット,3
101868,その他,3
100683,旅行用品,2
101447,旅行用かばん,3
301577,スーツケース,3
301586,スーツケースベルト,3
203060,キャリーケース,3
216047,リラックスグッズ,3
505553,セキュリティグッズ,3
210200,小物,3
101846,その他,3
100872,手芸・クラフト・生地,2
401038,毛糸,3
204142,編物道具,3
204149,和洋裁材料,3
204161,裁縫道具,3
210254,生地・布,3
210272,クラフト,3
213805,アクセサリーキット,3
210276,ビーズ,3
210310,刺繍,3
210313,パッチワーク,3
210316,タイル,3
407113,編機・織機,3
101867,その他,3
100901,文房具・事務用品,2
111167,手帳,3
205818,システム手帳,3
505560,ブックカバー,3
111142,ノート・紙製品,3
100912,事務用品,3
100926,筆記具,3
205826,書道用具,3
301721,整理用品,3
301730,掲示用品,3
205833,ラッピング用品,3
505621,アルバム,3
301745,マグネット,3
111150,ファイル・バインダー,3
111197,コレクターグッズ系文房具,3
205873,画材,3
301786,製図用品,3
201585,教材,3
508474,地球儀,3
565030,オフィス用カレンダー,3
101872,その他,3
111173,印鑑・ハンコ,2
205841,代表印,3
205842,角印,3
205843,銀行印（法人）,3
205844,実印（個人）,3
205845,認印,3
216081,ネーム印・浸透印,3
111177,スタンプ,3
111178,朱肉,3
111179,印鑑ケース,3
401760,ケース付印鑑セット,3
112786,その他,3
111519,防災関連グッズ,2
401648,非常用持ちだし袋,3
501119,消火用品,3
301596,応急手当用品,3
501122,非常食,3
501129,保存水,3
501132,給水用品,3
301597,携帯用浄水器,3
501136,携帯・簡易トイレ,3
508514,懐中電灯,3
501141,ラジオ,3
111523,防災セット,3
501143,マスク,3
501145,保護用品,3
401655,毛布・寝袋,3
501150,災害救助用品,3
501156,家具転倒防止用品,3
501159,耐火金庫,3
501165,火災警報器,3
501168,避難はしご,3
559657,放射能測定器・ガイガーカウンター,3
301606,固形燃料,3
301607,発熱・加熱剤,3
301608,ガソリン缶,3
401657,防災用ストーブ,3
301609,カセットコンロ,3
301614,笛・ホイッスル,3
301615,メガホン・拡声器,3
401658,トランシーバー,3
112843,その他,3
111524,防犯関連グッズ,2
501172,カギ・錠・チェーンロック関連,3
501175,防犯カメラ,3
205802,防犯システム,3
501181,防犯センサー,3
216051,防犯アラーム,3
216052,防犯フィルム,3
111525,防犯器具,3
501185,防盗金庫,3
111526,防犯グッズ,3
112844,その他,3
100822,仏壇・仏具・神具,2
210152,仏具,3
407159,数珠,3
407187,数珠袋,3
210150,神具,3
210159,線香,3
210161,ろうそく,3
407148,ろうそく消し,3
407149,ろうそく立て,3
200118,その他,3
200412,冠婚葬祭アイテム,2
200413,業務用品・サービス,2
112779,その他,2
216129,ジュエリー・アクセサリー,1
100486,レディースジュエリー・アクセサリー,2
100487,指輪・リング,3
111029,ネックレス・ペンダント,3
100500,ネックレスチェーン,3
407236,ペンダントトップ,3
206999,チョーカー,3
111048,イヤリング,3
111061,ピアス,3
407286,コサージュ,3
113074,ブローチ,3
407291,カメオ,3
113066,ブレスレット,3
508555,バングル,3
407301,アンクレット,3
207029,ラリエット,3
207030,ルース,3
207050,ヘアアクセサリー,3
407309,トゥリング,3
407312,チャーム,3
564629,ピンキーリング,3
564630,インディアンジュエリー,3
564631,ハワイアンジュエリー,3
101824,その他,3
407326,メンズジュエリー・アクセサリー,2
407327,指輪・リング,3
407344,ネックレス・ペンダント,3
407333,ネックレスチェーン,3
407351,ペンダントトップ,3
407340,チョーカー,3
407355,ピアス,3
407369,ブレスレット,3
508565,バングル,3
508570,ウォレットチェーン,3
508573,キーチェーン,3
508574,カフス,3
508578,ネクタイピン,3
508582,ラペルピン,3
564632,インディアンジュエリー,3
564633,ハワイアンジュエリー,3
407392,その他,3
301966,ペアアクセサリー,2
407393,ペアリング,3
407396,ペアネックレス・ペンダント,3
508619,ペアネックレスチェーン,3
407403,ペアブレスレット,3
508626,ペアバングル,3
301969,その他,3
407279,ボディピアス,2
564634,カーブバーベル,3
564635,サーキュラーバーベル,3
564636,ストレートバーベル,3
564637,スパイラルバーベル,3
564638,ラブレットスタッド,3
564639,リング,3
407285,その他,3
508586,男女兼用アクセサリー,2
508587,指輪・リング,3
508593,ネックレス・ペンダント,3
508599,ネックレスチェーン,3
508605,ブレスレット,3
508612,バングル,3
508618,その他,3
551853,ブライダルジュエリー,2
206951,結婚指輪・マリッジリング,3
206952,婚約指輪・エンゲージリング,3
551854,ティアラ,3
551855,その他,3
407455,ジュエリー・アクセサリー用品,2
407456,ジュエリークリーナー・クロス,3
407461,ピアッサー,3
407470,リングゲージ,3
100532,その他,3
559284,その他,2
101070,スポーツ・アウトドア,1
551942,スポーツウェア・アクセサリー,2
302491,ジャージ,3
302503,ウインドブレーカー,3
554978,機能性インナー,3
208118,スポーツバッグ,3
208124,スポーツサングラス,3
564203,磁気・チタン・ゲルマニウムアクセサリー,3
564235,リストバンド,3
302562,テーピング,3
302551,サポーター,3
101075,小物,3
101074,用具,3
112905,その他,3
101975,アウトドア,2
201874,テント・タープ,3
201887,キャンプ用寝具,3
201883,イス・テーブル・レジャーシート,3
201894,ライト,3
563313,ランタン,3
302414,バーナー・ストーブ・コンロ,3
201877,調理器具・バーべキュー用品,3
208071,燃料,3
402279,水筒・ボトル,3
204306,ナイフ&ツール,3
551932,ウエア,3
402289,バッグ,3
208076,精密機器類,3
214607,小物（キーホルダー・ホイッスル）,3
101991,その他,3
200067,ウインタースポーツ,2
101086,スキー,3
101094,スノーボード,3
407944,アイススケート,3
208058,ソリ,3
506349,スノースクート,3
501865,カーリング,3
201861,アクセサリー,3
200160,その他,3
101077,ゴルフ,2
101078,メンズクラブ,3
505812,レディースクラブ,3
505831,キッズ・ジュニアクラブ,3
201764,メンズウエア・アクセサリー,3
214473,レディースウエア・アクセサリー,3
201775,バッグ・ケース,3
501633,ヘッドカバー,3
204964,ボール,3
200441,クラブ用パーツ,3
111981,ラウンド用品・小物,3
407735,トレーニング用具,3
201779,コンペ用品,3
204946,メンズゴルフシューズ,3
214452,レディースゴルフシューズ,3
101082,ゴルフシューズ用品,3
112913,その他,3
200169,サッカー,2
201802,ウエア,3
201813,シューズ,3
201816,ボール,3
201819,アクセサリー（バッグ・グローブ）,3
302264,審判用品,3
302273,設備・備品,3
201823,サポーターグッズ,3
200180,その他,3
509057,ジョギング・マラソン,2
509058,シューズ,3
509066,ウエア,3
509074,ギア,3
509075,その他,3
200061,ストリート系スポーツ,2
205038,スケートボード,3
214569,インラインスケート,3
214577,キックボード,3
200066,その他,3
100558,テニス,2
208012,ラケット,3
208025,シューズ,3
302302,メンズウエア,3
302309,レディースウエア,3
508854,ジュニアウエア,3
506269,キャップ・サンバイザー,3
508860,リストバンド,3
508866,グローブ,3
208031,ガット,3
402145,バッグ,3
402156,ボール,3
214526,グリップテープ,3
508898,テニス小物,3
508912,コート整備・備品,3
101834,その他,3
201959,バスケットボール,2
214621,シューズ,3
214625,ボール,3
214629,ウエア,3
214636,アクセサリー,3
214641,設備・備品,3
201962,その他,3
201950,バドミントン,2
214613,ラケット,3
508925,シューズ,3
508930,ウエア,3
508934,ガット,3
508939,グリップテープ,3
508942,シャトル,3
508946,練習器具・備品,3
564423,バッグ,3
201954,その他,3
201963,バレーボール,2
214643,ボール,3
214647,メンズウエア,3
501988,レディースウエア,3
214652,シューズ,3
214655,アクセサリー,3
506378,設備・備品,3
214663,ソフトバレー,3
201967,その他,3
111961,フィッシング,2
201899,ロッド・竿,3
201912,リール,3
201916,ルアー,3
302432,フライフィッシング,3
201919,ウエア,3
201922,バッグ・ケース,3
111966,小物（針・ライン・仕掛け・ウキ）,3
205059,魚群探知機,3
208115,アクセサリー,3
112908,その他,3
200170,フィットネス・トレーニング,2
201865,スポーツ器具,3
201869,スポーツウエア,3
200183,その他,3
214512,フットサル,2
214513,メンズウエア,3
501704,レディースウエア,3
302277,シューズ,3
402119,ボール,3
402123,キーパー用品,3
501740,審判用品,3
501746,アクセサリー,3
302284,設備・備品,3
201827,その他,3
101100,マリンスポーツ,2
204994,ウェットスーツ,3
208036,ラッシュガード,3
304903,ライフジャケット,3
302318,ボディボード,3
201834,サーフィン,3
302332,ウィンドサーフィン,3
402161,ウェイクボード,3
201837,ダイビング,3
204998,船・ボート,3
501775,水上バイク,3
501781,ヨット,3
201851,カヌー・カヤック,3
101899,その他,3
407916,ヨガ・ピラティス,2
501880,ウエア,3
501884,シューズ,3
407919,バッグ,3
204688,ヨガマット,3
407921,その他,3
101157,自転車,2
201689,シティサイクル,3
201683,折りたたみ自転車,3
302202,電動アシスト自転車,3
207950,ロードバイク,3
204915,クロスバイク,3
201672,マウンテンバイク（MTB）,3
402012,小径自転車（ミニベロ）,3
302197,ビーチクルーザー,3
505753,BMX,3
402018,子供用自転車,3
501352,一輪車,3
201695,アクセサリー・グッズ,3
563145,パーツ,3
563160,メンテナンス,3
407683,ウエア,3
101906,その他,3
201937,水泳,2
201938,競技水着,3
402369,ゴーグル,3
511299,スイムキャップ・水泳帽,3
509051,タオル,3
509054,練習用具,3
201944,その他,3
214673,体操・ダンス,2
214674,新体操,3
214681,社交ダンス,3
214685,バレエ,3
402443,フラメンコ,3
565016,ベリーダンス,3
565017,フラダンス,3
201970,その他,3
201955,卓球,2
508949,ラケット,3
508966,ラケットケース,3
201957,ボール,3
302448,メンズウエア,3
501982,レディースウエア,3
501987,子供ウエア,3
508972,シューズ,3
508979,ラバー,3
509005,卓球台,3
509011,得点板,3
509015,防球フェンス,3
509020,接着剤,3
201958,その他,3
201890,登山・トレッキング,2
302384,靴・ブーツ,3
402231,スティック,3
402234,カラビナ,3
402240,ハーネス,3
402241,ビレイ機,3
402242,ディセンダー,3
402243,プーリー,3
402244,アッセンダー,3
402245,ヘルメット,3
402246,ハンマー,3
402247,ピッケル,3
402248,ロックハーケン,3
402249,ナッツ,3
506359,スノーシュー,3
563197,携帯食・保存食,3
101113,その他,3
200168,野球,2
201780,グローブ,3
204981,バット,3
501642,バッティンググローブ,3
501651,バットケース,3
204982,スパイク,3
201789,ボール,3
201794,ウエア,3
302242,ヘルメット,3
402087,キャッチャー防具,3
402092,審判用品,3
302247,打撃練習用品,3
302246,設備・備品,3
200176,その他,3
205074,陸上・トラック競技,2
502011,短距離,3
502009,中・長距離,3
402463,メンズウエア,3
502027,レディースウエア,3
402481,設備・備品,3
205085,その他,3
554977,その他の競技,2
402512,アメリカンフットボール,3
502056,ウエイトリフティング,3
402504,ゲートボール,3
502046,スカッシュ,3
202652,ソフトボール,3
501994,ドッジボール,3
214668,ハンドボール,3
502042,ボウリング,3
205072,ボクシング,3
502051,ホッケー,3
302472,ラグビー,3
407942,ラクロス,3
501961,合気道,3
201945,格闘技,3
214712,空手,3
501969,弓道,3
205075,剣道,3
214706,柔道,3
402486,乗馬,3
502062,綱引き,3
559280,その他,3
101893,その他,2
100938,ダイエット・健康,1
100984,ダイエット,2
204673,ダイエットドリンク,3
204655,ダイエットスイーツ,3
111903,ダイエットフード,3
204674,ダイエット器具,3
204675,ダイエットウエア・サポーター,3
101885,その他,3
563727,サプリメント,2
201485,ビタミン類,3
302658,ミネラル類,3
564997,スポーツ,3
563741,ダイエット,3
550090,健康維持,3
100988,美容,3
100987,健康食品,2
204729,栄養・健康ドリンク,3
550092,特定保健用食品,3
550101,特別用途食品,3
204738,栄養調整食品,3
509086,マクロビオティック,3
204653,ヘルシー米,3
201467,にがり,3
214793,スープ,3
201493,健康茶,3
101034,薬用酒,3
201516,健康酢・酢飲料,3
550107,健康油,3
101886,その他,3
204745,デンタルケア,2
506384,歯ブラシ,3
204759,歯磨き粉,3
204760,ヤニ取り,3
204761,口臭予防,3
208265,デンタルリンス（洗口液）,3
208216,入れ歯洗浄剤,3
402787,入れ歯安定剤,3
208217,タン（舌）クリーナー,3
204758,歯間ブラシ,3
208218,デンタルフロス,3
201528,その他,3
101035,リラックス・マッサージ用品,2
214811,フットバス,3
204750,フットケア用品,3
402745,温浴器,3
408067,岩盤浴,3
402748,気泡浴器,3
214812,腰ケア用品,3
214813,アイケア用品,3
214814,炭グッズ,3
214815,木酢液グッズ,3
214819,竹酢液グッズ,3
214820,光触媒グッズ,3
214821,耳ツボ関連,3
214822,ストレッチグッズ,3
214828,簡易マッサージグッズ,3
214835,その他,3
203260,健康アクセサリー,2
214837,磁気アクセサリー,3
214841,トルマリンアクセサリー,3
214845,チタンアクセサリー,3
214849,ゲルマニウムアクセサリー,3
214854,マイナスイオンアクセサリー,3
402750,バナジウム,3
509121,ブラックシリカ,3
101057,その他,3
101041,計測器・健康管理,2
214868,体組成・体脂肪計,3
408076,体重計,3
101047,歩数計,3
208224,肺活量計,3
208227,アルコールセンサー,3
208233,口臭チェッカー,3
208235,温度計,3
208236,カロリー計算機,3
214881,ストップウォッチ,3
101890,その他,3
208238,抗菌・除菌グッズ,2
208239,スプレー,3
208240,マスク,3
208241,インソール,3
101056,その他,3
563818,健康グッズ,2
101036,安眠グッズ,3
204744,矯正グッズ,3
555000,禁煙グッズ,3
506410,健康サンダル・スリッパ,3
506414,カイロ,3
101888,その他,3
101876,その他,2
100316,水・ソフトドリンク,1
201351,水・ミネラルウォーター,2
559934,ウォーターサーバー,2
100344,ソフトドリンク,2
110692,果実ジュース,3
559935,清涼飲料,3
302992,乳酸飲料,3
506536,炭酸飲料,3
304902,日本茶（ソフトドリンク）,3
408307,紅茶（ソフトドリンク）,3
408324,中国茶（ソフトドリンク）,3
408254,コーヒー（ソフトドリンク）,3
502134,ココア（ソフトドリンク）,3
302993,チョコレートドリンク,3
201393,健康飲料,3
408234,豆乳類,3
201388,野菜ジュース,3
559991,セット,3
101797,その他,3
100356,コーヒー,2
201402,レギュラーコーヒー,3
303017,インスタントコーヒー,3
506539,ドリップバッグ,3
101799,その他,3
502131,ココア,2
502132,ピュアココア,3
502133,ミルクココア,3
559995,黒豆ココア,3
502135,セット・詰め合わせ,3
100359,その他,3
100351,紅茶,2
408267,アールグレイ,3
408270,アッサム,3
408273,アフリカ,3
201420,インドネシア,3
303019,キーマン,3
408276,キャンディー,3
408280,ストレート,3
303020,セイロン,3
408286,ダージリン,3
201419,中国,3
303022,ディンブラ,3
201416,ニルギリ,3
408290,ヌワラエリヤ,3
408291,フレバリー,3
408294,レディグレイ,3
408298,ブレンド,3
502136,セット・詰め合わせ,3
101798,その他,3
100361,日本茶,2
502139,煎茶,3
201423,玉露,3
100366,玄米茶,3
100365,番茶,3
100362,ほうじ茶,3
408314,茎茶,3
201426,抹茶,3
408316,芽茶,3
559996,掛川茶,3
559997,べにふうき茶,3
303024,麦茶,3
559998,ブレンド茶,3
303030,ゆず茶,3
560001,粉茶,3
560002,ティーバッグ,3
502146,セット・詰め合わせ,3
101800,その他,3
200029,中国茶,2
201429,中国緑茶,3
100364,烏龍茶,3
200030,鉄観音茶,3
201431,凍頂烏龍茶,3
201433,黄茶,3
201434,黒茶（プーアール茶）,3
201437,白茶,3
201438,花茶・加工茶,3
502149,セット・詰め合わせ,3
200158,その他,3
201439,ハーブティー,2
303049,エルダー,3
303050,オレンジピール,3
201440,カモミール,3
201446,ジャスミン,3
303053,ステビア,3
303047,スペアミント,3
303045,セントジョーズワート,3
303042,ネトル,3
303041,ハイビスカス,3
201441,バラ,3
303040,フェンネル,3
201443,ペパーミント,3
303035,ラズベリー,3
201445,ラベンダー,3
303033,リコリス,3
303052,ルイボス,3
201442,レモングラス,3
201444,ローズヒップ,3
303054,ローズレッド,3
303046,西洋タンポポ,3
201447,ブレンド,3
502153,セット・詰め合わせ,3
200032,その他,3
101785,その他,2
100026,パソコン・周辺機器,1
100040,ノートパソコン,2
552031,東芝,3
552061,レノボ,3
552019,NEC,3
552013,ソニー,3
552025,富士通,3
552001,パナソニック,3
552037,デル,3
552055,ヒューレット・パッカード,3
552103,ACER,3
552073,ONKYO,3
552007,アップル,3
552067,工人舎,3
552079,マウスコンピューター,3
552109,ASUS,3
552091,FRONTIER,3
552097,ゲートウェイ,3
555013,エプソン,3
552115,MSI,3
552085,eMachines,3
552049,日立,3
552043,シャープ,3
101743,その他,3
560008,ウルトラブック,2
560009,東芝,3
560010,レノボ,3
560011,NEC,3
560012,ソニー,3
560013,富士通,3
560014,パナソニック,3
560015,デル,3
560016,ヒューレット・パッカード,3
560017,ACER,3
560018,ONKYO,3
560019,アップル,3
560020,工人舎,3
560021,マウスコンピューター,3
560022,ASUS,3
560023,FRONTIER,3
560024,ゲートウェイ,3
560025,エプソン,3
560026,MSI,3
560027,シャープ,3
560028,その他,3
550194,中古ノートパソコン,2
552249,パナソニック,3
552255,アップル,3
552261,ソニー,3
552267,NEC,3
552273,富士通,3
552279,東芝,3
552285,デル,3
552291,シャープ,3
552297,日立,3
552303,ヒューレット・パッカード,3
552309,レノボ,3
552315,工人舎,3
552321,ONKYO,3
552327,マウスコンピューター,3
552333,eMachines,3
552339,FRONTIER,3
552345,ゲートウェイ,3
552351,ACER,3
552357,ASUS,3
552363,MSI,3
403334,その他,3
211368,デスクトップパソコン,2
408331,NEC,3
408355,ソニー,3
408373,富士通,3
408337,アップル,3
408361,デル,3
408343,ゲートウェイ,3
408349,ONKYO,3
408367,レノボ,3
551952,ASUS,3
551959,ACER,3
551966,FRONTIER,3
551973,マウスコンピューター,3
555006,エプソン,3
551987,ヒューレット・パッカード,3
551994,eMachines,3
211373,その他,3
403312,中古デスクトップパソコン,2
552144,NEC,3
552151,ソニー,3
552158,富士通,3
552165,アップル,3
552172,デル,3
552179,ゲートウェイ,3
552186,ONKYO,3
552193,レノボ,3
552207,ACER,3
552214,FRONTIER,3
552221,マウスコンピューター,3
552235,ヒューレット・パッカード,3
552242,eMachines,3
200408,その他,3
550177,中古デスクトップパソコン（モニターなし）,2
550178,CD-R,3
550183,DVD-ROM,3
550188,DVDマルチ,3
550193,その他,3
550108,デスクトップパソコン（セパレート型）,2
550109,NEC,3
550115,アップル,3
550121,ゲートウェイ,3
550127,ソーテック,3
550133,ソニー,3
550139,デル,3
550151,富士通,3
550145,レノボ,3
550157,その他,3
211374,デスクトップパソコン（単体）,2
211376,NEC,3
211377,アップル,3
211378,ゲートウェイ,3
211379,ソーテック,3
211380,デル,3
211375,レノボ,3
211381,富士通,3
211382,その他,3
211447,PCサーバー,2
211448,IBM,3
211449,NEC,3
552143,富士通,3
211450,デル,3
211451,ヒューレット・パッカード,3
100054,その他,3
211452,ワークステーション,2
211453,IBM,3
211454,NEC,3
211455,ヒューレット・パッカード,3
100055,その他,3
560062,外付けドライブ・ストレージ,2
211492,ハードディスクドライブ（外付け）,3
211500,CD-R/RWドライブ,3
560069,DVDドライブ,3
403352,ブルーレイドライブ,3
211514,MOドライブ,3
408453,リーダー・ライター,3
303078,フラッシュメモリー,3
211490,フロッピーディスクドライブ,3
101748,その他,3
110080,プリンタ・インク,2
110093,インクジェットプリンタ,3
408418,複合機,3
560070,レーザープリンタ,3
211462,フォトプリンタ,3
211466,ドットプリンタ,3
110099,プリンタ周辺機器,3
502185,インク・カートリッジ,3
208552,トナー,3
509155,詰め替えインク,3
112611,その他,3
100087,パソコンパーツ,2
100089,メモリー,3
211582,CPU,3
408516,ハードディスクドライブ（内蔵型）,3
560079,SSD,3
408515,その他記憶装置（内蔵型）,3
211587,アクセラレータ,3
408527,CPUクーラー,3
211592,ケース,3
211597,TVチューナーボード,3
211605,サウンドボード,3
100081,グラフィックボード,3
408533,ビデオキャプチャボード,3
211607,マザーボード,3
408538,ベアボーン,3
101751,その他,3
110105,ディスプレイ・モニター,2
550340,液晶 ～14インチ,3
550354,液晶 14.1～16インチ,3
550368,液晶 16.1インチ～18インチ,3
550382,液晶 18.1インチ～20インチ,3
550396,液晶 20.1インチ～22インチ,3
550410,液晶 22.1インチ～24インチ,3
550424,液晶 24.1インチ～26インチ,3
550438,液晶 26.1インチ～28インチ,3
550452,液晶 28.1インチ～30インチ,3
550466,液晶 30.1インチ～,3
552375,CRT,3
552381,タッチパネル,3
563663,3D対応モニタ,3
112617,その他,3
100057,パソコン周辺機器,2
509131,ワンセグチューナー,3
403512,ウェブカメラ,3
211477,スキャナ,3
211577,無停電電源装置（UPS）,3
100077,サウンド関連（スピーカー）,3
552407,USBハブ,3
552414,クリーニング用品,3
552415,ジョイスティック・ゲームパッド,3
552420,バッテリー,3
552436,充電器,3
552446,USBグッズ,3
100066,ディスプレイ・モニター（その他）,3
101746,その他,3
100094,アクセサリー,2
552391,マウスパッド,3
552396,リストレスト,3
552400,キーボードカバー,3
552404,ディスプレイカバー,3
552405,ノートパソコンカバー,3
552406,プリンタカバー,3
559311,キャリングバッグ,3
211542,ディスプレイフィルター,3
211543,液晶保護フィルム,3
211544,セキュリティ,3
408552,クリーニング用品,3
564421,変換コネクタ・ケーブル,3
101752,その他,3
303087,マウス・キーボード・入力機器,2
550484,レーザーマウス,3
403355,光学式マウス,3
211523,ボール式マウス,3
403397,トラックボール,3
560088,キーボード,3
403503,テンキー,3
211549,ジョイスティック・ゲームパッド,3
211553,タブレット,3
303097,その他,3
100130,オフィス用品,2
100133,記録用メディア,3
208544,OA用紙,3
208582,OA機器,3
303156,シュレッダー,3
408741,ラミネーター,3
408751,ラベルプリンタ,3
552462,切替機,3
552467,分配器,3
552468,ケーブル,3
552481,OAタップ・電源タップ,3
101756,その他,3
101451,ネットワーク機器,2
506591,無線LAN（親機）,3
506598,無線LAN（子機）,3
506604,無線LAN（オプション）,3
506611,有線LAN,3
560318,モバイルデータ通信,3
408483,スカイプフォン,3
100061,モデム,3
100062,TA（ターミナルアダプター）,3
408484,スイッチングハブ,3
211612,NIC（LANカード・LANボード）,3
100064,その他ネットワーク関連ハード,3
100065,その他ネットワーク関連サプライ,3
101965,その他,3
100103,パソコンソフト,2
211622,ビジネス・オフィス用,3
211628,グラフィック・映像・ホームページ制作,3
211639,インターネット・通信,3
408565,セキュリティ,3
211643,ユーティリティー,3
211656,開発・プログラミング言語,3
211664,生活・実用,3
211673,OS（オペレーティングシステム）,3
211677,教育・教養,3
211687,資格・検定,3
403516,素材集・テンプレート,3
211700,辞書・辞典・翻訳,3
211706,ゲーム（PC）,3
100122,アニメ,3
101753,その他,3
211741,その他,2
216131,バッグ・小物・ブランド雑貨,1
110933,レディースバッグ,2
110934,ハンドバッグ,3
506663,クラッチバッグ,3
110950,トートバッグ,3
110966,リュック・デイパック,3
110942,ショルダーバッグ,3
110958,セカンドバッグ・ポーチ,3
210811,ボストンバッグ,3
303257,ヒップバッグ・ウエストバッグ,3
506669,ポシェット,3
552530,バニティバッグ・ケース,3
303261,アクセサリーポーチ,3
403822,化粧ポーチ,3
303273,リクルートバッグ,3
303274,マザーバッグ,3
506673,パーティーバッグ,3
403605,フォーマルバッグ,3
509176,ショッピング・エコバッグ,3
509179,かごバッグ,3
408784,ボディバッグ,3
112750,その他,3
100472,メンズバッグ,2
502221,ブリーフケース,3
206760,アタッシュケース,3
403597,ダレスバッグ,3
502240,ショルダーバッグ,3
502261,セカンドバッグ,3
502280,リュック・デイパック,3
303213,ボストンバッグ,3
303226,トートバッグ,3
303235,ヒップバッグ・ウエストバッグ,3
506679,メッセンジャーバッグ,3
408780,ボディバッグ,3
563981,クラッチバッグ,3
408781,ガーメントバッグ・ケース,3
112749,その他,3
110974,男女兼用バッグ,2
110976,リュック・デイパック,3
206857,ヒップバッグ・ウエストバッグ,3
408789,トートバッグ,3
408790,ショルダーバッグ,3
408791,ボディバッグ,3
206858,ボストンバッグ,3
112756,その他,3
502368,レディース財布,2
207233,長財布（小銭入れあり）,3
552564,長財布（小銭入れなし）,3
408796,二つ折り財布（小銭入れあり）,3
552638,二つ折り財布（小銭入れなし）,3
408849,コインケース,3
564221,がま口財布,3
110763,その他,3
552710,メンズ財布,2
552711,長財布（小銭入れあり）,3
552750,長財布（小銭入れなし）,3
552818,二つ折り財布（小銭入れあり）,3
552857,二つ折り財布（小銭入れなし）,3
408891,マネークリップ,3
552925,コインケース,3
552970,その他,3
100454,ファッション雑貨・小物,2
403762,耳あて,3
502429,ネクタイ,3
207236,ループタイ,3
502452,スカーフ,3
207238,チーフ,3
408919,ネックウォーマー,3
207237,サスペンダー,3
502460,手ぶくろ,3
403761,アームウォーマー,3
502462,リストバンド,3
564070,バッグハンガー,3
207334,傘,3
506685,折りたたみ傘,3
506687,日傘,3
408938,杖・ステッキ,3
502464,ハンカチ,3
403784,名刺入れ,3
403809,定期入れ・パスケース,3
207288,キーホルダー,3
409011,キーケース,3
403776,ネックストラップ,3
403829,ミラー・鏡,3
409031,革（レザー）ケア用品,3
564627,ウェディング小物,3
101820,その他,3
502427,帽子,2
408920,男性用,3
403732,女性用,3
502428,その他,3
502456,ベルト,2
207235,男性用,3
207306,女性用,3
564897,バックル,3
502459,その他,3
560100,ストール・マフラー,2
207322,ストール,3
502454,マフラー,3
564008,スヌード,3
564010,ティペット,3
564628,ファーマフラー,3
563321,その他,3
100467,眼鏡・サングラス・PC眼鏡,2
207204,眼鏡,3
110894,サングラス,3
563966,PC眼鏡,3
403657,老眼鏡,3
403662,レンズ,3
207229,眼鏡小物,3
403671,ケア用品,3
403678,眼鏡修理,3
101821,その他,3
403769,ウィッグ・つけ毛,2
403770,フルウィッグ,3
403771,ハーフウィッグ,3
403772,ポイントウィッグ,3
403773,増毛部分かつら,3
403774,エクステンション,3
403775,ケア用品,3
110753,その他,3
216132,その他,2
100371,レディースファッション,1
110729,ワンピース,2
403833,ショート,3
403839,ミディアム,3
403845,ロング,3
112721,その他,3
555084,ドレス,2
303729,パーティードレス,3
555085,ナイトドレス,3
564338,ウエディングドレス,3
303733,チャイナドレス,3
303734,アオザイ,3
564345,レンタル,3
100385,その他,3
555086,トップス,2
303656,Tシャツ,3
409352,ポロシャツ,3
206471,シャツ,3
206477,ブラウス,3
553029,チュニック,3
206482,カットソー,3
303655,ベアトップ・チューブトップ,3
403866,タンクトップ・ノースリーブ,3
303662,キャミソール,3
403871,カーディガン・ボレロ,3
303699,アンサンブル,3
206488,ニット・セーター,3
502556,パーカ,3
403923,トレーナー,3
403890,ベスト,3
112719,その他,3
555087,アウター,2
303570,テーラードジャケット,3
509227,スタンドカラージャケット,3
509234,ステンカラージャケット,3
509241,ノーカラージャケット,3
303923,ウインドブレーカー,3
502564,キルティングジャケット,3
303927,ジージャン,3
303928,スカジャン,3
303929,スタジャン,3
303930,ダウンジャケット,3
403889,中綿入りジャンパー,3
564617,フリース,3
303936,ミリタリージャケット,3
303937,ライダースジャケット,3
564618,チェスターコート,3
206510,ムートンコート,3
564619,モッズコート,3
409154,ステンカラーコート,3
409156,ダッフルコート,3
409158,トレンチコート,3
409160,ピーコート,3
409162,ダウンコート,3
206508,毛皮,3
303722,ポンチョ・ケープ,3
555088,その他,3
555089,ボトムス,2
110734,スカート,3
206440,パンツ,3
206664,ジーンズ・デニム,3
403933,スパッツ・レギンス,3
403731,レッグウォーマー,3
555090,その他,3
555083,オールインワン・サロペット,2
555091,スーツ,2
110724,パンツスーツ,3
409073,スカートスーツ,3
409120,ワンピーススーツ,3
509248,ブラックフォーマル,3
409143,リクルートスーツ,3
409148,オーダーメイドスーツ,3
409096,3点セット,3
555092,その他,3
100428,女性和服,2
206545,着物,3
206546,帯,3
206549,女性浴衣,3
303807,浴衣帯,3
206585,女性浴衣セット,3
206547,部屋着,3
206548,女性履物,3
110831,和装小物,3
110824,和服セット,3
409176,反物,3
555099,レンタル,3
112731,その他,3
409365,水着,2
409366,ワンピース,3
564350,ビキニ,3
564351,タンキニ,3
409368,セット,3
409370,その他,3
303741,コスチューム,2
303742,ゴシック&ロリータ,3
303755,メイド服,3
303769,セーラー服,3
303770,ブレザー,3
303771,体操服・ブルマ,3
303772,スクール水着,3
303774,チャイナ服,3
303776,アニメ,3
303777,ウェイトレス,3
303778,スチュワーデス,3
303779,レースクイーン,3
303780,バニーガール,3
564623,看護婦・ナース,3
564624,婦人警官,3
564625,サンタクロース,3
564626,ダンス衣装,3
303782,その他,3
555100,その他衣類,2
206520,制服・作業服,3
409382,アウトドアウエア,3
200074,ユニセックス（男女兼用）カジュアルウエア,3
553036,レインウエア,3
110804,コレクターグッズ系ウエア,3
210801,キャラクターウエア,3
403911,福袋,3
200341,オーダーメイド,3
112725,その他,3
555101,洋服お直し・リフォーム・クリーニング,2
555102,洋服お直し・リフォーム,3
555103,クリーニング,3
502594,その他,3
101801,その他,2
100005,花・ガーデン・DIY,1
113084,花,2
110001,花束,3
202502,アレンジメント（お祝い・贈答・お供え）,3
202507,鉢花,3
215110,プリザーブドフラワー,3
215105,ドライフラワー,3
404010,切花,3
404021,フラワーアレンジメント資材・花材,3
215061,ブライダル,3
209382,寄せ植え,3
404027,押し花,3
113085,その他,3
202513,観葉植物,2
550502,アレカヤシ,3
550506,アロエ,3
550509,ウンベラータ,3
550513,オーガスタ,3
550517,ガジュマル,3
550521,グズマニア,3
550525,ゴールドクレスト,3
550528,ゴムの木,3
506727,サボテン,3
506732,サンスベリア,3
550535,シマトネリコ,3
550539,ストレリチア,3
550543,パキラ,3
550546,バンブー,3
550550,ベンジャミン,3
550553,ポトス,3
550556,モスキートブロッカー,3
550560,モンステラ,3
550564,ヤシの木,3
550567,ユッカ,3
215179,寄せ植え,3
203072,ハイドロカルチャー（水耕栽培）,3
550570,その他観葉植物,3
215181,ミニ観葉植物,3
409549,観葉植物用グッズ,3
204191,多肉植物,3
204192,水生植物,3
110010,その他,3
215202,盆栽,2
304121,盆栽,3
506754,ミニ盆栽,3
304133,鉢,3
304134,手入れ道具,3
100009,その他,3
110042,造花,2
409554,花束,3
409560,アレンジメント,3
409572,鉢花,3
404064,観葉植物,3
202557,壁掛け,3
404080,光触媒,3
209416,CT触媒加工,3
112603,その他,3
100012,ガーデニング,2
553124,種子,3
553126,苗物,3
553128,球根,3
202528,植木,3
215204,果樹,3
100017,鉢,3
215250,プランター,3
202535,ラック・スタンド,3
409613,置物・オーナメント,3
202540,ガーデニング資材,3
215256,芝生,3
215257,用土,3
215261,肥料,3
202532,園芸薬剤・活性剤,3
110013,用具・工具,3
206331,ガーデンファニチャー,3
101738,その他,3
100890,DIY・工具,2
111215,工具（レンチ・ドライバー）,3
204167,電動工具,3
210414,エア工具,3
407123,空調工具,3
407124,溶接工具,3
407125,配管工具,3
210418,計測用具,3
210426,作業用品,3
210431,脚立・はしご,3
210437,塗料・補修材・各種素材,3
564857,金物,3
100898,作業着,3
216116,リヤカー,3
401795,台車,3
564012,間仕切り,3
564013,除雪機,3
564014,テンバコ,3
564015,防炎シート,3
564017,UVカットシート,3
564855,雪かき・雪落とし,3
101870,その他,3
100880,エクステリア,2
209394,ライト・イルミネーション,3
100885,テラス,3
100881,石材関連,3
210912,タイル・レンガ,3
210916,フェンス,3
210917,ラティス,3
555147,アーチ,3
555148,オベリスク,3
210921,表札,3
210929,ポスト,3
502627,物置き,3
202558,ウッドデッキ,3
210930,日よけ,3
502636,ガレージ,3
409643,室外機カバー,3
210934,水栓柱,3
210935,噴水・池作り,3
209417,蛇口,3
409641,ガーデンシンク,3
564018,グレーチング,3
564019,面格子,3
564021,妻飾り,3
564022,網戸,3
564023,段差プレート,3
101869,その他,3
100893,住宅建材・設備・製品,2
100894,壁材,3
100895,床材,3
100896,木材・工房,3
564419,水栓,3
564563,キッチン用設備,3
564564,トイレ用設備,3
564565,浴室用設備,3
101871,その他,3
101737,その他,2
101213,ペット・ペットグッズ,1
112104,ドッグフード,2
404094,特別療法食,3
560110,準療法食,3
553131,ドライフード,3
553133,ウェットフード,3
206098,セミモイストフード,3
555259,生肉,3
206135,おやつ,3
409660,ガム,3
404102,サプリメント,3
560149,水,3
409670,ミルク,3
215287,離乳食,3
112934,その他,3
206155,ドッグウエア,2
206169,キャミソール,3
206159,タンクトップ,3
206158,Tシャツ,3
206165,カットソー,3
206164,シャツ,3
206168,ワンピース,3
215294,つなぎ・カバーオール,3
206171,パンツ,3
206166,トレーナー,3
206167,パーカ,3
215290,ジャージー,3
206160,ベスト,3
206163,セーター・ニット,3
206161,ジャケット,3
206162,ブルゾン・ジャンパー,3
206156,コート,3
409718,レインコート,3
206170,パジャマ,3
215292,浴衣,3
215293,甚平,3
304234,半被（はっぴ）,3
304235,エプロン,3
206172,ドレス・フォーマル,3
206173,着物,3
206174,袴,3
206175,サッカーウエア,3
206176,プロ野球ウエア,3
206185,コスチューム,3
206182,アウトドア,3
409728,アクセサリー・小物,3
215296,サングラス・ゴーグル,3
206177,バンダナ・スカーフ,3
206178,マフラー,3
502646,スヌード・耳カバー,3
206179,帽子,3
409724,シューズ・ブーツ,3
507428,その他小型犬用,3
507429,その他中型犬用,3
507471,その他大型犬用,3
206184,オーダーメイド,3
200431,その他,3
507513,犬用品,2
201662,トイレ用品,3
409755,ペットシーツ,3
215298,お手入れ用品,3
206143,シャンプー・リンス,3
215327,バス用品,3
206186,ペット消臭剤・衛生用品,3
206197,サークル・ケージ,3
507515,ゲート,3
206201,ハウス・犬小屋,3
206208,ベッド・マット,3
409764,インテリア・収納,3
215347,お出かけ・お散歩グッズ,3
206149,キャリーバッグ,3
210761,首輪・胴輪・リード,3
404138,ドライブ・アウトドア,3
206139,食器・給水器・給餌器,3
215324,しつけ用品,3
215333,おもちゃ,3
409803,アジリティ（障害物競技）,3
215345,介護用品,3
409777,ペット用仏具,3
206213,空気清浄機・家電,3
502656,オーナーズグッズ,3
112933,その他,3
112115,キャットフード,2
404149,特別療法食,3
560154,準療法食,3
553135,ドライフード,3
553137,ウェットフード,3
215352,おやつ,3
215356,離乳食,3
560193,水,3
409815,ミルク,3
507520,またたび,3
409820,サプリメント,3
409819,猫草,3
112936,その他,3
409834,キャットウエア,2
507524,猫用品,2
201669,トイレ用品,3
204174,猫砂,3
215366,お手入れ用品,3
304288,シャンプー・リンス,3
206273,消臭剤・衛生用品,3
201667,ケージ,3
206265,キャットタワー,3
206264,おもちゃ,3
206286,ベッド・マット,3
206298,お出かけ・お散歩グッズ,3
206267,キャリーバッグ,3
215390,首輪・ハーネス,3
206259,食器・給水器・給餌器,3
215361,しつけ用品,3
206297,介護用品,3
206293,家電・空気清浄機,3
206299,オーナーズグッズ,3
112935,その他,3
210750,医薬品（動物用）,2
563894,犬用医薬品,3
563905,猫用医薬品,3
210753,その他医薬品,3
215278,応急手当用具,2
203107,熱帯魚・アクアリウム,2
404163,熱帯魚,3
507530,海水魚,3
560194,淡水魚,3
507539,貝,3
502670,無脊椎,3
215398,水草,3
206300,流木・砂利・レイアウト用品,3
507541,エサ,3
206304,水槽,3
507557,キャビネット・水槽台,3
215404,バックスクリーン,3
215405,照明,3
206311,フィルター,3
206316,用品・器具,3
507570,海水用品,3
101217,その他,3
210779,うさぎ,2
509392,エサ,3
404176,用品,3
404184,ウエア・ファッション,3
210782,その他,3
204175,ハムスター,2
204176,エサ,3
404185,用品,3
204178,その他,3
204179,フェレット,2
204180,エサ,3
204181,用品,3
404194,ハンモック,3
404195,ウエア・ファッション,3
204182,その他,3
215426,リス,2
215427,エサ,3
502672,用品,3
215429,その他,3
204183,鳥,2
204184,エサ,3
204185,かご,3
204186,用品,3
204187,その他,3
409839,昆虫,2
409840,昆虫,3
509398,エサ,3
509407,用品,3
101219,その他,3
560198,爬虫類・両生類,2
560199,爬虫類・両生類,3
560200,エサ,3
560201,用品,3
101218,その他,3
204286,その他動物,2
112130,ペットフード,3
112131,ペットグッズ,3
101216,その他,3
101916,その他,2
211742,TV・オーディオ・カメラ,1
100123,モバイル・携帯電話,2
208287,携帯電話本体,3
100125,アクセサリー,3
101754,その他,3
560312,電子書籍リーダー,2
560313,電子書籍リーダー本体,3
560314,電子書籍リーダーケース,3
560315,電子書籍リーダーアクセサリー,3
560316,その他,3
563843,テレビ,2
200229,液晶テレビ,3
200228,プラズマテレビ,3
404237,ポータブルテレビ,3
564163,その他,3
100141,テレビ関連用品,2
563884,地デジ・BS・CSチューナー,3
560411,アンテナ,3
550921,AVアクセサリー,3
212953,その他,3
200225,ブルーレイ・DVDレコーダー（プレーヤー）,2
550932,ブルーレイディスクレコーダー,3
204197,DVD・HDDレコーダー,3
550937,HD DVDレコーダー,3
553167,ブルーレイプレーヤー,3
201564,DVDプレーヤー,3
507605,HD DVD対応DVDプレーヤー,3
509446,ポータブルDVDプレーヤー,3
212987,その他,3
204198,ホームシアター・プロジェクター,2
212988,ホームシアター,3
202952,プロジェクター,3
509452,プロジェクタースクリーン,3
213042,その他,3
204199,ビデオカメラ・デッキ,2
110238,ビデオカメラ,3
110230,ビデオデッキ,3
101759,その他,3
100155,オーディオ,2
200150,セットコンポ,3
550964,ラジカセ,3
200149,AVコンポーネント,3
208297,アンプ,3
208316,スピーカー,3
213189,ラジオ,3
208285,オーディオケーブル,3
502835,ヘッドホン・イヤホン,3
213198,ICレコーダー,3
101762,その他,3
200147,ポータブルオーディオ,2
204467,デジタルオーディオプレーヤー,3
204459,ポータブルMD,3
204466,ポータブルCD,3
502826,ポータブルカセット,3
509467,防滴・防水CDプレーヤー,3
200156,その他,3
100083,デジタルカメラ,2
110110,コンパクトデジタルカメラ,3
213289,デジタル一眼レフカメラ,3
564286,ミラーレス一眼カメラ,3
503285,メモリーカード,3
208596,アクセサリー,3
553172,デジタルフォトフレーム,3
555512,デジカメプリント,3
101750,その他,3
100212,カメラ・光学機器,2
110291,一眼レフカメラ,3
110305,APSカメラ,3
110298,コンパクトカメラ,3
100226,インスタントカメラ,3
100217,レンズ付フイルム,3
110335,レンズ,3
110344,フイルム,3
100218,カメラ周辺機器,3
213386,双眼鏡・単眼鏡,3
509508,天体望遠鏡,3
509519,顕微鏡,3
200139,ビンテージ・クラシカルカメラ,3
502846,二眼レフカメラ,3
101767,その他,3
553203,消耗品・各種部品,2
553204,リモコン,3
553212,フィルター,3
553217,電源・充電器,3
212634,電池,3
553227,バッテリーパック,3
553232,メンテナンス用品,3
553239,替え刃・替ブラシ,3
553242,インク,3
553246,掃除機パーツ,3
110247,映像メディア,3
553249,その他,3
101739,その他,2
101114,車・バイク,1
101115,自動車車体（新車・中古車）,2
202010,トヨタ,3
209490,レクサス,3
202080,日産,3
202134,ホンダ,3
202178,マツダ,3
202240,スバル,3
202210,三菱,3
202280,スズキ,3
202271,いすゞ,3
202254,ダイハツ,3
209655,光岡,3
202420,メルセデス・ベンツ,3
209672,AMG,3
560728,マイバッハ,3
209786,スマート,3
202299,BMW,3
560744,BMWアルピナ,3
404335,ミニ,3
202312,アウディ,3
202399,フォルクスワーゲン,3
202439,ポルシェ,3
202335,オペル,3
202576,ブラバス,3
202583,ロリンザー,3
202573,シュニッツァー,3
412200,RUF,3
209747,キャデラック,3
202357,シボレー,3
202379,ビュイック,3
209691,GMC,3
560827,ポンティアック,3
209756,サターン,3
404350,ハマー,3
560833,スタークラフト,3
202388,フォード,3
209825,リンカーン,3
560852,マーキュリー,3
202344,クライスラー,3
209792,ダッジ,3
560869,ジープ,3
560873,プリムス,3
202334,オールズモビル,3
560874,ロールスロイス,3
560886,ベントレー,3
202368,ジャガー,3
410505,デイムラー,3
202462,ランドローバー,3
560917,アストンマーチン,3
560926,ケータハム,3
202578,モーガン,3
202469,ローバー,3
202581,ロータス,3
560930,MG,3
560934,TVR,3
560938,オースチン,3
560939,モーリス,3
202446,ボルボ,3
202351,サーブ,3
202411,プジョー,3
209765,シトロエン,3
202580,ルノー,3
202381,フィアット,3
202323,アルファロメオ,3
560995,フェラーリ,3
561028,マセラティ,3
202579,ランチア,3
561041,ランボルギーニ,3
564794,アバルト,3
202321,アウトビアンキ,3
410507,デ・トマソ,3
410504,セアト,3
202380,ヒュンダイ,3
202574,バーキン,3
561053,電気自動車,3
202571,キャンピングカー,3
561062,商用車,3
404379,福祉車両,3
304348,トラック・バス,3
509597,運搬車輌・重機,3
202570,オークション代行,3
101903,その他,3
200304,バイク車体（新車・中古車）,2
216771,ホンダ,3
216778,ヤマハ,3
216764,スズキ,3
216757,カワサキ,3
561341,テラモーターズ,3
561358,Prozza（プロッツァ）,3
561374,NOMEL（ノメル）,3
216810,Harley Davidson（ハーレーダビッドソン）,3
216797,Buell（ビューエル）,3
216793,BMW,3
561533,SACHS（ザックス）,3
561543,Triumph（トライアンフ）,3
216801,DUCATI（ドゥカティ）,3
561606,MOTO GUZZI（モトグッチ）,3
216786,Aprilia（アプリリア）,3
561653,bimota（ビモータ）,3
216805,GILERA（ジレラ）,3
216813,PIAGGIO（ピアジオ）,3
216819,Vespa（ベスパ）,3
561718,Malaguti（マラグーティ）,3
561728,adiva（アディバ）,3
561753,DERBI（デルビ）,3
561777,KTM,3
555698,TOMOS（トモス）,3
561815,Peugeot（プジョー）,3
561825,KYMCO（キムコ）,3
561858,PGO,3
561868,SYM,3
561899,電動バイク,3
112033,その他,3
304564,ATV・トライク・スノーモービル,2
562022,4輪バギー（ATV）,3
562032,トライク,3
562042,スノーモービル,3
304568,その他,3
112919,その他,2
100227,食品,1
100236,魚介類・シーフード,2
207790,イカ,3
207796,ウニ,3
214009,イクラ・筋子,3
200904,エビ,3
214022,ウナギ,3
110406,貝,3
410795,カツオ,3
410747,数の子,3
110411,カニ,3
304578,サバ,3
110404,サンマ,3
404915,シシャモ,3
404918,タラ,3
404922,ちりめん・しらす,3
207770,マグロ,3
304571,アジ,3
207774,サケ,3
304580,タイ,3
304574,イワシ,3
404906,アナゴ,3
410813,タコ,3
410817,たらこ,3
214030,フグ,3
404926,ホッケ,3
410822,明太子,3
110395,その他水産物,3
110420,海藻類,3
507696,加工品,3
101535,セット,3
101771,その他,3
100246,フルーツ・果物,2
502854,アボカド,3
200978,あんず,3
304588,いちご,3
502855,イチジク,3
304593,オレンジ,3
404940,かぼす,3
304597,柿,3
200976,キウイフルーツ,3
214041,栗,3
502856,グレープフルーツ,3
304602,さくらんぼ,3
509730,ザクロ,3
304607,スイカ,3
200988,すだち,3
200985,ドラゴンフルーツ,3
200974,ドリアン,3
502866,パイナップル,3
410842,バナナ,3
200982,パパイヤ,3
509731,びわ,3
304609,ブドウ,3
200977,プラム,3
200980,ブルーベリー,3
410850,マンゴー,3
304613,マンゴスチン,3
204805,みかん,3
200989,ミラクルフルーツ,3
555721,ライチ,3
404942,メロン,3
304614,梅,3
304618,桃,3
304622,洋梨,3
304626,和梨,3
304633,りんご,3
200984,レモン,3
110457,セット・詰め合わせ,3
204814,ピューレ,3
410853,ドライフルーツ,3
112668,その他,3
200990,野菜・きのこ,2
404946,アスパラガス,3
201010,かぼちゃ,3
204815,キャベツ,3
204820,キュウリ,3
204829,ごぼう,3
304644,サツマイモ,3
410877,里芋,3
214051,ジャガイモ,3
410879,生姜,3
204827,大根,3
200991,たまねぎ,3
304651,とうもろこし,3
214054,トマト,3
200992,ナス,3
410881,ニラ,3
204826,にんじん,3
304652,にんにく,3
201008,ねぎ,3
204817,白菜,3
204818,ほうれん草,3
410883,らっきょう,3
204816,レタス,3
502875,その他野菜,3
502877,豆類,3
200996,きのこ,3
304647,山菜,3
201013,セット・詰め合わせ,3
502881,有機野菜,3
100248,その他,3
100268,惣菜・食材,2
100269,和風惣菜,3
201018,和風食材,3
100275,洋風惣菜,3
201026,洋風食材,3
100278,中華惣菜・点心,3
201038,中華食材,3
562052,韓国食材,3
304670,アジアン・エスニック食材,3
204835,冷凍食品,3
204836,レトルト食品,3
562070,インスタント食品,3
509741,弁当・駅弁,3
214058,おせち,3
410894,鍋セット,3
214099,カレー,3
101776,その他,3
100228,肉・肉加工品,2
200954,猪肉,3
214037,鴨肉,3
110428,牛肉,3
200955,鹿肉,3
200952,七面鳥,3
200956,ソーセージ,3
204803,ダチョウ肉,3
200942,とり肉,3
410830,馬肉,3
200963,ハム,3
200929,豚肉,3
404936,ベーコン,3
207807,羊肉,3
100232,その他肉類,3
101770,その他,3
100256,麺類,2
201093,うどん,3
201099,そば,3
410924,そうめん,3
204862,ひやむぎ,3
404980,焼きそば,3
410933,冷麺,3
110494,パスタ,3
110487,ラーメン,3
509742,つけ麺,3
204864,長崎ちゃんぽん,3
509743,沖縄そば,3
204865,インスタント麺,3
304678,セット・詰め合わせ,3
101774,その他,3
100250,キムチ・漬け物・梅干し,2
201050,キムチ,3
110463,漬け物,3
204856,梅干し,3
100253,ピクルス,3
101773,その他,3
110472,米・雑穀,2
201184,米,3
507720,無洗米,3
507725,玄米,3
201205,発芽玄米,3
201199,雑穀,3
110475,餅,3
201207,もち米,3
201196,麦,3
564077,雑穀米,3
564647,ご飯パック,3
555791,外国のお米,3
201209,セット・詰め合わせ,3
112671,その他,3
100300,調味料,2
201233,砂糖,3
201227,しお,3
201242,酢,3
201221,しょうゆ,3
201213,みそ,3
507734,料理酒,3
411014,みりん,3
201251,油,3
410994,だし,3
201287,めんつゆ,3
507735,ポン酢,3
204877,ソース,3
100308,ケチャップ,3
201285,焼肉のたれ,3
201261,ドレッシング,3
100307,マヨネーズ,3
410999,中華調味料,3
563218,韓国調味料,3
405060,魚醤,3
201268,スパイス,3
507747,ハーブ,3
507756,ミックススパイス（混合調味料）,3
304735,わさび,3
304736,からし（マスタード）,3
507763,ルー・ペースト,3
411006,炊き込みご飯の素,3
411007,ふりかけ,3
214261,人口甘味料,3
201289,セット・詰め合わせ,3
101784,その他,3
507778,缶詰・瓶詰,2
507779,缶詰,3
507788,瓶詰,3
507796,その他,3
507797,乾物・粉類,2
410901,乾物,3
507818,粉類,3
507820,その他,3
100293,パン・ジャム・シリアル,2
564081,パン,3
110477,ジャム,3
507768,蜂蜜,3
562080,メープルシロップ,3
204876,シリアル,3
204875,セット・詰め合わせ,3
207837,コンフィチュール,3
207838,コンポート,3
101783,その他,3
100262,チーズ・乳製品,2
110502,チーズ,3
404974,バター,3
214119,マーガリン,3
100265,牛乳,3
214120,ヨーグルト,3
214124,コーヒー用ミルク,3
509763,生クリーム,3
101775,その他,3
201085,卵,2
201088,烏骨鶏卵,3
201087,うずら卵,3
201086,鶏卵,3
201089,ピータン,3
201092,温泉たまご,3
201091,燻製卵（くんたま）,3
201090,セット,3
100235,その他,3
101769,その他,2
100939,美容・コスメ・香水,1
100944,スキンケア,2
210450,クレンジング,3
216301,洗顔料,3
216307,化粧水・ローション,3
216348,美容液,3
216387,乳液・ミルク,3
216424,フェイスクリーム,3
216461,フェイスオイル,3
563728,オールインワン化粧品,3
216467,ジェルパック・クリーム,3
503020,シートマスク・パック,3
503044,ピーリング・ゴマージュ,3
509822,目元美容液,3
509843,アイクリーム・ジェル,3
405206,リップクリーム,3
503068,スキンケアサンプルセット,3
503074,スキンケアコフレセット,3
112849,その他,3
216492,日焼け止め・UVケア,2
503054,日焼け止め,3
216495,サンオイル・タンニング,3
216496,アフターサンケア,3
201452,その他,3
204233,ベースメイク・メイクアップ,2
405258,化粧下地,3
210457,ファンデーション,3
405348,コンシーラー,3
216499,フェイスカラー・パウダー,3
216519,アイブロウ・眉マスカラ,3
216539,アイシャドウ,3
216559,アイライナー,3
216579,マスカラ,3
510002,マスカラ下地,3
510003,まつげ美容液,3
563780,つけまつげ・エクステ・パーマ,3
216600,口紅・リップスティック,3
503106,リップライナー,3
216620,リップグロス,3
216640,チーク,3
205289,メイクアップサンプルセット,3
503115,メイクアップコフレセット,3
112859,その他,3
100940,ヘアケア・スタイリング,2
210677,シャンプー,3
210686,リンス・コンディショナー,3
210695,トリートメント,3
507825,アウトバストリートメント,3
562135,スカルプケアローション・エッセンス,3
111541,スタイリング剤,3
210723,カラーリング,3
507832,白髪染め,3
304800,かつら,3
507843,育毛・養毛剤,3
405409,トラベルセット,3
562140,ナチュラル・オーガニック,3
101878,その他,3
111120,香水・フレグランス,2
100960,ボディケア,2
507851,デオドラント・制汗剤,3
100962,石けん・ボディソープ,3
216670,ボディローション・ミルク,3
100963,ボディオイル,3
216671,ボディクリーム,3
507857,スリミングジェル・クリーム,3
510097,ボディマッサージオイル,3
510098,ボディマッサージソルト,3
507861,バストケアクリーム・ジェル,3
304758,ハンドソープ,3
304759,ハンドクリーム,3
304761,フットクリーム,3
304763,足用消臭パウダー,3
216667,脱毛剤・ワックス・クリーム,3
216668,脱色剤,3
503154,脱毛シート,3
101882,その他,3
201454,ネイル,2
563784,ジェルネイル,3
304766,マニキュア,3
405373,トップ・ベースコート,3
405387,リムーバー,3
304781,ネイルチップ,3
210671,ネイルアート用品,3
210674,ネイルケアグッズ,3
405402,アクリル絵具,3
405403,アートブラシ,3
201460,その他,3
210462,シェービング,2
210463,シェービングムース,3
210464,シェービングジェル,3
210465,シェービングローション,3
210466,アフターシェーブ,3
201461,その他,3
111787,メイク道具・ケアグッズ,2
304742,ビューラー・カーラー,3
304744,ホットビューラー,3
111788,ブラシ・チップ,3
510103,パフ・スポンジ,3
111797,コットン,3
100974,洗顔グッズ,3
100979,あぶらとり紙,3
201453,メイクボックス,3
100976,ボトル・ケース・携帯小物,3
210461,詰替容器・アトマイザー,3
216660,フェイス用カミソリ,3
216661,ツィザー（毛抜き）,3
563790,眉・鼻毛・甘皮はさみ,3
510090,散髪はさみ,3
204238,バスグッズ,3
510096,ボディマッサージグッズ,3
304760,フットケア用品,3
210675,ハンドケア用品,3
304762,フットバス,3
100972,その他,3
204245,美顔器・スチーマー,2
503041,美顔ローラー,3
503169,美顔器,3
216737,フェイススチーマー,3
564517,韓国コスメ,2
564569,ボディケア,3
564570,ヘアケア・スタイリング,3
564571,メイクアップ,3
562084,スキンケア,3
564572,その他,3
564518,ナチュラル・オーガニックコスメ,2
564573,ボディケア,3
564574,ヘアケア・スタイリング,3
564575,メイクアップ,3
562101,スキンケア,3
564576,その他,3
101877,その他,2
200162,本・雑誌・コミック,1
101266,小説・エッセイ,2
208620,ミステリー・サスペンス,3
208625,SF・ホラー,3
208630,エッセイ,3
208635,ノンフィクション,3
208640,ロマンス,3
200491,歴史・時代小説,3
208649,日本の小説,3
208659,外国の小説,3
101930,その他,3
208663,資格・検定,2
208664,看護・医療関係資格,3
208669,法律関係資格,3
208674,ビジネス関係資格,3
208682,宅建・不動産関係資格,3
208686,食品・調理関係資格,3
208691,教育・心理関係資格,3
208697,インテリア関係資格,3
208700,介護・福祉関係資格,3
208704,技術・建築関係資格,3
208709,語学関係資格,3
208715,PC関係資格,3
208720,旅行主任者,3
208721,カラーコーディネーター・色彩検定,3
208722,数学検定,3
208723,公務員試験,3
208724,自動車免許,3
208725,その他,3
208726,ライフスタイル,2
208727,恋愛,3
216744,ファッション・美容,3
208732,妊娠・出産・子育て,3
208737,ペット,3
208740,住まい・インテリア,3
208747,ガーデニング・フラワー,3
208755,生活の知識,3
208762,占い,3
208769,冠婚葬祭・マナー,3
208774,手芸,3
208786,健康,3
208791,料理,3
208801,ドリンク・お酒,3
208807,生き方・リラクゼーション,3
208815,その他,3
562174,付録つき,2
101248,ホビー・スポーツ・美術,2
202001,スポーツ,3
208821,格闘技,3
208827,車・バイク,3
562175,自転車,3
200485,鉄道,3
202009,登山・アウトドア・釣り,3
208833,カメラ・写真,3
208836,囲碁・将棋・クイズ,3
208843,ギャンブル,3
411382,ミリタリー,3
411383,トレーディングカード,3
101251,美術,3
208849,工芸・工作,3
208859,茶道・香道・華道,3
208865,趣味・車・ペット雑誌,3
101924,その他,3
208866,絵本・児童書・図鑑,2
101260,児童書,3
208869,児童文庫,3
101263,絵本,3
208879,民話・むかし話,3
208880,図鑑・ちしき,3
208881,その他,3
101293,語学・学習参考書,2
208882,語学学習,3
208892,語学辞書,3
208901,辞典,3
208910,語学雑誌,3
101305,学習参考書・問題集,3
101939,その他,3
101242,旅行・留学・アウトドア,2
208920,旅行,3
208922,温泉,3
208923,鉄道の旅,3
208924,テーマパーク,3
208925,ガイドブック,3
208926,地図,3
208927,留学・海外赴任,3
405429,釣り,3
208929,旅行主任者,3
208930,紀行・旅行エッセイ,3
562178,キャンプ,3
101922,その他,3
101278,人文・地歴・哲学・社会,2
208931,雑学・出版・ジャーナリズム,3
208937,哲学・思想,3
208939,心理学,3
208944,宗教・倫理,3
200447,歴史,3
208952,地理,3
200496,人文科学全般,3
101275,社会科学,3
208957,法律,3
200512,政治,3
208961,社会,3
208968,教育・福祉,3
208982,民俗,3
208988,軍事,3
208989,ノンフィクション,3
208995,言語学,3
209023,文学,3
101934,その他,3
200446,ビジネス・経済・就職,2
200513,経済・財政,3
209038,流通,3
209039,IT・eコマース,3
216752,アフィリエイト,3
209040,マーケティング・セールス,3
200518,株・資金運用,3
209047,マネープラン,3
209054,マネジメント・人材管理,3
209058,経理,3
562179,ビジネスマナー,3
209063,自己啓発,3
209069,就職・転職,3
200521,ビジネス資格（その他）,3
209079,経営,3
209082,産業,3
200523,その他,3
101287,PC・システム開発,2
209089,ハードウェア,3
209096,入門書,3
209101,インターネット・WEBデザイン,3
209113,ネットワーク,3
209118,プログラミング,3
209130,アプリケーション,3
209148,OS,3
209156,デザイン・グラフィックス,3
551156,ブログ・SNS,3
101937,その他,3
101281,科学・医学・技術,2
209168,自然科学全般,3
200500,数学,3
200501,物理学,3
200502,化学,3
200503,地学・天文学,3
200504,生物学,3
209169,植物学,3
209170,動物学,3
209171,医学・薬学,3
209178,工学,3
101284,建築学,3
101935,その他,3
101299,コミック,2
201975,少年,3
201984,少女,3
209212,青年,3
209228,レディース,3
304850,文庫,3
201997,全巻セット,3
201994,プレミアム,3
201989,同人誌,3
200477,雑誌,3
101941,その他,3
209260,ライトノベル,2
209288,少年,3
562203,少女,3
216835,その他,3
209261,ボーイズラブ,2
562209,小説,3
209240,コミック,3
563336,その他,3
209298,エンターテインメント,2
216753,TV関連本,3
562214,タレント関連本,3
209300,映画,3
209304,音楽,3
101245,ゲーム,3
209311,演劇・舞踊,3
209317,演芸,3
411419,アニメーション,3
411420,フィギュア,3
411421,サブカルチャー,3
210830,その他,3
101257,写真集・タレント,2
112354,グラビアアイドル・タレント写真集,3
112969,その他,3
209331,文庫・新書,2
101269,文庫,3
101272,新書,3
216836,その他,3
200450,稀覯本,2
200452,復刊書籍,2
200453,オンデマンド書籍,2
101254,楽譜,2
209332,全般,3
101926,その他,3
101302,雑誌,2
112412,総合誌,3
112413,男性誌,3
112414,女性誌,3
562215,児童誌（学年誌）,3
411423,幼児・児童・絵本,3
562216,付録付き雑誌,3
112415,ファッション誌,3
411424,ビューティ・コスメ誌,3
411425,ナチュラルライフ誌,3
112420,文芸誌,3
209333,ビジネス・投資,3
209334,人文・法律・社会科学系雑誌,3
209336,サイエンス・医学・技術雑誌,3
112416,コンピュータ雑誌,3
562217,モバイル,3
209335,テキスト,3
562218,資格・求人・キャリア,3
209337,教育雑誌,3
209338,福祉・健康雑誌,3
200530,生活・健康,3
562219,情報誌,3
562220,結婚・出産・子育て,3
200529,趣味,3
562221,車・バイク,3
562222,手芸・編物,3
209339,旅行・アウトドア雑誌,3
411426,食・グルメ情報誌,3
112419,スポーツ雑誌,3
112417,音楽・エンタメ雑誌,3
112418,ゲーム雑誌,3
200527,アイドル・ティーンズ雑誌,3
200528,コミック・アニメ,3
562223,ボーイズラブ,3
112421,洋雑誌,3
101942,その他,3
200098,新聞,2
507873,洋書,2
507874,ART ＆ ENTERTAINMENT,3
507875,FICTION ＆ LITERTURE,3
507876,BUSINESS ＆ SELF-CULTURE,3
507877,FAMILY LIFE ＆ COMICS,3
507878,COMPUTERS ＆ SCIENCE,3
507879,SOCIAL SCIENCE,3
507880,BOOKS FOR KIDS,3
507881,REFERENCE ＆ LANGUAGE,3
507882,TRAVEL,3
101297,その他,3
101308,カレンダー・ポスター・パンフレット,2
112325,カレンダー（タレント）,3
112329,カレンダー（キャラクターグッズ）,3
112328,カレンダー（アニメ）,3
112326,カレンダー（スポーツ）,3
112327,カレンダー（格闘技）,3
112330,カレンダー（風景）,3
112331,ポスター（タレント）,3
112335,ポスター（キャラクターグッズ）,3
112334,ポスター（アニメ）,3
112332,ポスター（スポーツ）,3
112333,ポスター（格闘技）,3
101238,ポスター（アート系）,3
200489,パンフレット,3
101944,その他,3
203063,その他,2
101381,旅行・出張・チケット,1
101382,トラベル,2
101384,国内パックツアー,3
101394,海外パックツアー,3
101401,航空券（国内線）,3
101411,航空券（国際線）,3
101383,ホテル・旅館（国内）,3
101400,鉄道,3
101399,バス,3
101398,船,3
101415,高速券,3
200097,ホテル（海外）,3
101955,その他,3
101416,興行チケット,2
553256,音楽,3
101418,映画,3
101419,スポーツ,3
101432,演劇,3
101960,その他,3
553267,株主優待券・割引券,2
553268,航空,3
553269,鉄道・バス,3
553270,レストラン・食事,3
553271,スーパー・百貨店,3
553272,宿泊・施設利用,3
553273,その他,3
553274,施設利用券,2
553275,遊園地・テーマパーク,3
553276,ゴルフ場,3
553277,スキー場,3
553278,水族館,3
553279,動物園,3
553280,美術館・博物館,3
553281,フィットネスクラブ,3
553282,その他,3
553283,金券・ギフト券,2
112521,テレホンカード,3
101431,商品券・図書券,3
304877,フラワーギフト券,3
553284,その他,3
101954,その他,2
101438,学び・サービス・保険,1
101445,通信講座・通学講座・教材,2
200055,通学講座・スクール,3
207930,通信講座・資格,3
207941,教材,3
200058,その他,3
100140,延長保証サービス,2
200052,冠婚葬祭サービス,2
202559,業務用品・サービス,2
202560,お掃除サービス,3
202561,リフォーム,3
202562,訪問サービス,3
202563,看板,3
202564,印刷,3
214298,店舗用品,3
200053,その他,3
101439,金融・保険,2
101442,銀行,3
101443,証券,3
101440,生命保険,3
101441,損害保険,3
200721,クレジットカード,3
200722,ローン,3
200723,金・地金,3
101964,その他,3
101444,キャリア・人材・企業情報,2
553285,住宅・不動産,2
101963,その他,2
100000,百貨店・総合通販・ギフト,1
100001,百貨店,2
101972,スーパー,2
100002,総合通販・ディスカウント,2
100003,贈答品・ギフト,2
100004,輸入雑貨,2
101736,その他,2
402853,デジタルコンテンツ,1
402854,音楽ダウンロード,2
402855,邦楽,3
402873,洋楽,3
402891,その他,3
402892,動画ダウンロード,2
411430,アイドル＆芸能,3
411439,アニメ,3
402895,ゲーム,3
402896,シネマ,3
402897,スポーツ,3
402898,バラエティー,3
402899,ミュージック,3
402900,リラクゼーション,3
402901,その他,3
402902,動画ストリーミング,2
402903,アイドル＆芸能,3
402904,アニメ,3
402905,ゲーム,3
402906,シネマ,3
402907,スポーツ,3
402908,バラエティー,3
402909,ミュージック,3
402910,リラクゼーション,3
402911,その他,3
411448,デジタルコミック,2
411449,少年・青年コミック,3
411459,少女コミック,3
510114,レディースコミック,3
510124,ボーイズラブ,3
510134,貸本漫画,3
510135,コミック雑誌,3
510136,アンソロジー,3
411469,その他,3
411470,デジタル写真集,2
411471,グラビアアイドル,3
510137,ジュニアアイドル,3
510138,男性アイドル,3
510139,風景写真集,3
510140,鉄道写真集,3
510141,動物写真集,3
411481,その他,3
411482,電子書籍,2
411483,小説・エッセイ,3
411496,資格・検定,3
411559,ライフスタイル,3
411661,ホビー・スポーツ・美術,3
411743,絵本・児童書・図鑑,3
411763,語学・学習参考書,3
411800,旅行・留学・アウトドア,3
411814,人文・地歴・哲学・社会,3
411896,ビジネス・経済・就職,3
411954,PC・システム開発,3
412028,科学・医学・技術,3
412055,ティーンズ文庫,3
412107,エンターテインメント,3
412142,文庫・新書,3
412164,楽譜,3
412167,雑誌,3
412194,洋書,3
412195,その他,3
402912,その他,2
503190,車用品・バイク用品,1
101126,カー用品,2
200283,カーナビ,3
200284,カーAV（オーディオ・映像）,3
205099,レーダー探知機,3
507905,ドライブレコーダー,3
209895,ETC・DSRC,3
101131,排気系パーツ,3
510227,吸気系パーツ,3
510229,駆動系パーツ,3
510232,冷却系パーツ,3
510238,補強パーツ,3
209913,電子パーツ,3
209917,メーター,3
510259,ブレーキ,3
510264,サスペンション関連,3
209930,ホース・フィッティング関連,3
202480,外装パーツ,3
209954,内装パーツ,3
200285,カーアクセサリー,3
564508,サマータイヤ,3
202488,サマータイヤ・ホイールセット,3
564509,スタッドレスタイヤ,3
209984,スタッドレスタイヤ・ホイールセット,3
200296,ホイール,3
200286,ホイール・タイヤ周辺用品,3
200287,オイル・添加剤,3
558662,バッテリー・メンテナンス用品,3
200288,セキュリティ・セーフティ,3
200289,洗車・ケア用品,3
507914,トラック用品,3
563708,ライト・ランプ,3
101904,その他,3
553288,免許・取り付け・車検,2
553289,免許,3
553290,取り付け,3
553291,車検,3
553292,その他,3
200305,バイク用品,2
203220,ヘルメット,3
200307,バイクウエア,3
507956,レインウエア,3
304542,グローブ,3
304550,ブーツ,3
216289,バッグ,3
304557,プロテクター,3
410698,バイク用アクセサリー,3
216293,盗難防止用品,3
404895,ツーリング・タンデム関連,3
216191,マフラー,3
216207,ハンドル回り,3
562513,フレーム関連パーツ,3
216214,駆動系パーツ,3
216223,ミラー,3
216226,メーター,3
216230,ブレーキ関連パーツ,3
304466,シート,3
216240,外装パーツ,3
562532,ステップ・スタンド,3
216253,電装パーツ,3
216249,ヘッドライト・ウインカー・テールランプ,3
304494,キャブレター・吸気系,3
216264,冷却系パーツ,3
216268,サスペンション,3
304516,ホイール,3
304522,タイヤ,3
562534,エンジン関連パーツ,3
200306,オイル・メンテナンス用品,3
200322,バッテリー,3
564089,バイク用ナビ,3
200320,その他,3
503249,その他,2
100433,インナー・下着・ナイトウエア,1
100442,レディースインナー,2
206702,セット,3
110845,ショーツ,3
110854,ブラジャー単品,3
206699,ランジェリー,3
206700,アンダーウエア,3
206742,補正下着,3
206727,ペチコート,3
100448,ベビードール,3
304042,スポーツ用インナー,3
409401,アウトドア用,3
304061,ブライダル用下着,3
304073,ジュニア用,3
206701,小物（ストラップ・パッド・布ナプキン）,3
403959,福袋,3
100444,その他,3
100434,メンズインナー,2
303975,ボクサーパンツ,3
303956,トランクス,3
303966,ブリーフ,3
303988,ビキニ,3
303991,Tバック,3
206695,シャツ,3
303999,スポーツ用インナー,3
510855,補正下着,3
562538,ステテコ,3
304009,腹巻,3
303994,ふんどし,3
551166,ジョックストラップ,3
304018,ジュニア,3
403958,福袋,3
101818,その他,3
206746,レディースナイトウエア・ルームウエア,2
510859,パジャマ,3
510880,ルームウエア,3
510865,ネグリジェ,3
510870,バスローブ,3
510875,ナイトガウン,3
562539,ヘアバンド,3
100452,その他,3
304013,メンズナイトウエア・ルームウエア,2
510884,パジャマ,3
510895,ルームウエア,3
304015,バスローブ,3
510890,ナイトガウン,3
403954,ハンテン,3
100441,その他,3
510900,男女兼用ルームウエア・ナイトウエア,2
553295,レディース靴下・レッグウエア,2
403725,レディース靴下,3
206741,ストッキング,3
562547,タイツ,3
200069,ガーターベルト,3
553297,その他,3
562550,メンズ靴下・レッグウエア,2
408907,メンズ靴下,3
562553,メンズタイツ,3
304003,ももひき,3
562555,その他,3
101817,その他,2
510901,日本酒・焼酎,1
100337,日本酒,2
302863,純米大吟醸酒,3
302854,大吟醸酒,3
302860,純米吟醸酒,3
302851,吟醸酒,3
302857,純米酒,3
302869,本醸造酒,3
302878,普通酒,3
302881,にごり酒,3
564640,スパークリング日本酒,3
302875,古酒,3
302887,セット,3
564424,酒粕,3
112709,その他,3
110662,焼酎,2
207865,いも焼酎,3
207853,麦焼酎,3
207841,米焼酎,3
302894,黒糖焼酎,3
110666,そば焼酎,3
403309,いちご焼酎,3
302950,牛乳焼酎,3
302947,栗焼酎,3
302949,胡麻焼酎,3
408217,昆布焼酎,3
302948,しそ焼酎,3
408218,じゃがいも焼酎,3
302951,とうもろこし焼酎,3
403307,トマト焼酎,3
403310,にんじん焼酎,3
403308,ゆず焼酎,3
408219,緑茶焼酎,3
302916,泡盛,3
302952,セット,3
112710,その他,3
510903,梅酒,2
408193,焼酎・泡盛ベース,3
510912,日本酒ベース,3
510911,ホワイトリカーベース,3
510913,ブランデーベース,3
110669,その他,3
510914,その他,2
510915,ビール・洋酒,1
100317,ワイン,2
302799,ワインセット,3
563339,赤ワイン,3
563340,白ワイン,3
563341,ロゼワイン,3
563342,発泡系・シャンパン,3
553323,ノンアルコールワイン,3
101786,その他,3
100329,洋酒,2
100330,ウイスキー,3
201337,ブランデー,3
402930,ジン,3
402934,ラム,3
100336,カクテル,3
408163,ウォッカ,3
408175,テキーラ,3
553330,その他,3
110609,リキュール,2
302811,果実系,3
402948,薬草・香草・ティ系,3
302828,ナッツ・クリーム系,3
110612,その他,3
100324,ビール・地ビール,2
110626,国産ビール,3
110632,発泡酒,3
511293,新ジャンル,3
110636,輸入ビール,3
110642,地ビール,3
562584,ノンアルコール,3
112704,その他,3
408186,チューハイ,2
562589,アサヒ,3
562592,キリン,3
562595,サッポロ,3
562598,サントリー,3
562601,カロリーオフ,3
562607,ノンアルコール,3
408191,その他,3
201344,中国酒,2
408221,紹興酒,3
201346,白酒,3
408224,果酒,3
204455,セット,3
101453,その他,3
403311,マッコリ,2
204456,その他,2
551167,スイーツ・お菓子,1
100283,洋菓子,2
214177,プリン,3
203226,ゼリー,3
201160,ワッフル,3
214152,クレープ,3
214153,シュークリーム・エクレア,3
509705,キャラメル・生キャラメル,3
214202,マロングラッセ,3
200404,ムース・ババロア,3
201158,スイートポテト,3
565051,オムレット・生クリームサンド,3
502908,洋菓子セット・詰め合わせ,3
200157,その他,3
201136,チョコレート,2
404982,生チョコレート,3
404989,トリュフ,3
404996,板チョコレート,3
562614,割れチョコ,3
201146,ボンボンショコラ,3
207821,ナッツチョコレート,3
204401,チョコレートバー,3
214126,フルーツチョコレート,3
201139,ホワイトチョコレート,3
214127,アマンドショコラ,3
214129,レーズンチョコレート,3
201149,オランジェット,3
562627,チョコウエハース,3
214282,チョコレートスナック,3
410946,チョコレートセット・詰め合わせ,3
100289,その他,3
564648,ケーキ,2
214130,チーズケーキ,3
410951,フルーツケーキ,3
214141,ロールケーキ,3
304680,チョコレートケーキ,3
214159,タルト,3
201116,ミルクレープ,3
405003,シフォンケーキ,3
204403,ティラミス,3
201121,モンブラン,3
204405,パンケーキ,3
304693,ミルフィーユ,3
565050,写真・イラストケーキ,3
502897,ケーキセット・詰め合わせ,3
558706,その他,3
201153,クッキー・焼き菓子,2
201123,クッキー,3
201114,パウンドケーキ,3
204413,ラスク,3
201159,マカロン,3
201117,バウムクーヘン,3
201155,フィナンシェ,3
214210,ドーナツ,3
214171,アップルパイ,3
204408,ブラウニー,3
201156,ダックワーズ,3
214174,リーフパイ・菓子パイ,3
204410,ブッセ,3
201118,シュトーレン,3
201120,ブランデー・ワインケーキ,3
304687,野菜ケーキ,3
204412,フロランタン,3
214191,ビスコッティ,3
562622,マフィン,3
562623,カヌレ,3
304702,レーズンサンド,3
304703,ウエハース,3
304708,マシュマロ,3
201154,マドレーヌ,3
410952,レモンケーキ,3
410953,バターケーキ,3
201176,サーターアンダギー,3
204406,シュガーケーキ,3
204411,ゴーフル,3
502911,クッキー・焼き菓子セット・詰め合わせ,3
201161,その他,3
201150,アイスクリーム・シャーベット,2
304694,アイスクリーム,3
509677,シャーベット,3
509683,ジェラート,3
201119,アイスケーキ,3
214189,シューアイス,3
502907,アイスクリーム・シャーベットセット・詰め合わせ,3
100292,その他,3
509708,和菓子,2
304719,干しいも,3
203245,まんじゅう,3
405050,どら焼き,3
214224,大福,3
405035,かりんとう,3
207829,もち菓子,3
304711,ゆべし,3
203251,ようかん,3
203254,水ようかん,3
304713,もなか,3
201173,甘納豆,3
201177,八つ橋,3
405040,だんご,3
201178,生菓子,3
203255,ぜんざい,3
201172,ところてん,3
204424,葛湯,3
204425,落雁・干菓子,3
201168,栗きんとん,3
204423,ういろう,3
204422,たい焼き,3
201170,あんみつ,3
201174,甘露煮,3
562624,甘栗,3
201175,おはぎ,3
564080,きんつば,3
564651,ちんすこう,3
405033,カステラ,3
207832,わらびもち,3
200104,和菓子セット・詰め合わせ,3
112683,その他,3
564649,せんべい・米菓,2
203236,せんべい,3
207826,柿の種,3
558707,あられ・おかき,3
204421,おこし,3
502917,せんべい・米菓セット・詰め合わせ,3
204420,その他,3
201179,中華菓子,2
201180,杏仁豆腐,3
214179,マンゴープリン,3
201182,月餅,3
201181,中華まんじゅう,3
214238,愛玉子,3
410970,マーラーカオ,3
201183,中華菓子セット・詰め合わせ,3
110552,その他,3
562625,スナック菓子,2
405019,ポテトチップス,3
304704,クラッカー,3
509700,ポップコーン,3
564652,コーンスナック,3
405018,その他,3
214203,あめ・ミント・ガム,2
214204,あめ・キャンディ,3
214206,のどあめ,3
214209,こんぺいとう,3
564653,ソフトキャンディ,3
564654,ミントタブレット,3
405027,ガム,3
304707,グミ,3
502915,あめ・ミント・ガムセット・詰め合わせ,3
204252,その他,3
214193,ナッツ,2
214194,アーモンド,3
214198,ピーナッツ,3
304705,ミックスナッツ,3
214195,カシューナッツ,3
214200,くるみ,3
214196,マカダミアナッツ,3
214199,ピスタチオ,3
214197,ココナッツ,3
214201,ヘーゼルナッツ,3
410961,ナッツセット・詰め合わせ,3
204250,その他,3
214276,駄菓子,2
214277,駄菓子スナック,3
214281,駄菓子キャンディ,3
214283,駄菓子珍味,3
214279,ミニラーメン,3
214280,ラムネ,3
502925,セット・詰め合わせ,3
214278,小袋菓子,3
204429,その他,3
203223,製菓・製パン材料,2
204430,粉類・ケーキミックス,3
304720,菓子材料セット,3
204427,パイ生地,3
201137,製菓用チョコレート,3
304728,製菓用ナッツスライス・パウダー,3
214275,バニラビーンズ,3
204269,エッセンス・香料,3
509720,トッピング,3
507712,あんこ,3
214273,スキムミルク,3
204435,ドライイースト,3
201283,ゼラチン,3
201284,ベーキングパウダー,3
304729,アーモンドプードル,3
214241,ココアパウダー,3
214259,黒みつ,3
214258,シロップ,3
214257,粉砂糖,3
214270,アガー,3
203229,その他,3
551168,その他,2
551169,医薬品・コンタクト・介護,1
205789,コンタクトレンズ・ケア用品,2
563999,クリアレンズ,3
402819,乱視用,3
506430,遠近両用,3
408099,カラーコンタクト,3
564007,サークルレンズ,3
408088,ハードレンズ,3
214882,洗浄・保存液,3
408115,レンズケース,3
205796,備品,3
100696,その他,3
201541,医薬品・医薬部外品,2
101058,福祉・介護,2
208252,ベッド関連用品,3
208258,床ずれ予防用品,3
204766,車椅子,3
214926,車椅子関連用品,3
402849,スロープ,3
402833,カート・シルバーカー,3
201533,歩行関連用品,3
408152,滑り止めマット・シート,3
214963,リハビリ・レクリエーション,3
408118,補聴器,3
214968,コミュニケーション機器,3
204767,入浴用品,3
201536,排泄関連用品,3
204768,失禁用品,3
204769,介護用衣料,3
408134,介護食,3
204770,介護用食事関連,3
408147,文具,3
408148,老眼鏡・ルーペ,3
101892,その他,3
201525,避妊具,2
201526,男性用コンドーム,3
551171,女性用コンドーム,3
201527,その他,3
509122,郵送検診キット,2
101048,治療機器・用品,2
101050,低周波治療器,3
101051,赤外線治療器,3
101052,吸入器,3
201529,磁気治療器,3
204762,鼻炎治療器,3
208220,電位治療器,3
208221,牽引治療器,3
208222,紫外線治療器,3
214863,視力治療器,3
402751,脚温器,3
402752,頭皮洗浄器,3
402753,水虫治療器,3
402754,酸素発生器,3
402755,洗眼器,3
402756,鼻洗浄器,3
208223,ひ鍼（ヒシン）,3
402757,灸,3
101891,その他,3
208264,衛生日用品,2
214857,生理用品,3
408082,耳掃除用品,3
506400,綿棒,3
208247,爪切り,3
506407,鼻毛カッター,3
402791,冷却パック,3
204748,その他,3
551172,医療計測器,2
214864,体温計,3
201530,塩分計,3
201531,尿糖計,3
214872,血圧計,3
101046,心拍計,3
214875,聴診器,3
208226,血糖値測定器,3
208232,塩素計,3
208234,糖度計,3
208230,身長計,3
208231,前屈計,3
208237,握力計,3
551173,その他,3
551174,衛生医療品,2
402788,マスク,3
208243,ガーゼ,3
506395,包帯,3
506399,眼帯,3
402794,サージカルテープ,3
551175,その他,3
402771,軽度失禁用品,2
402772,軽失禁ショーツ,3
402773,軽失禁パッド,3
402774,軽失禁ライナー,3
402775,その他,3
551176,その他,2
551177,メンズファッション,1
100372,スーツ,2
206361,スーツ・セットアップ,3
303441,ジャケット・ブレザー,3
206362,パンツ・ボトムス,3
206363,ワイシャツ,3
206364,フォーマル,3
303526,オーダーメイド,3
101802,その他,3
110811,男性和服,2
206527,着物,3
206528,帯,3
206529,部屋着,3
206530,男性履物,3
303798,男性浴衣,3
303787,和服セット,3
409177,反物,3
112732,その他,3
110765,トップス,2
502534,ニット,3
101807,カーディガン,3
303869,ベスト,3
502530,パーカ,3
303855,トレーナー,3
551180,Tシャツ,3
551182,カジュアルシャツ,3
403915,ポロシャツ,3
303866,カットソー,3
403912,タンクトップ,3
403918,福袋,3
112726,その他,3
558846,ボトムス,2
206648,ジーンズ,3
303876,ロングパンツ,3
409329,ハーフパンツ,3
558872,その他,3
558873,アウター,2
303882,ジャンパー・ブルゾン,3
553434,コート,3
558878,その他,3
409335,水着,2
409336,トランクス型,3
409337,ビキニ型,3
409338,ブリーフ型,3
409340,その他,3
558879,その他衣類,2
303535,作業服,3
303542,白衣（医師用）,3
509223,白衣（看護師用）,3
409065,学生服,3
403832,福袋,3
558883,その他,3
558884,洋服お直し・リフォーム,2
551186,その他,2
558885,靴,1
100480,レディース靴,2
206900,ブーツ,3
558903,ブーティ,3
206906,スニーカー,3
216141,パンプス,3
216148,カッター,3
403979,レインシューズ,3
558908,バレエシューズ,3
216153,サンダル,3
304095,ミュール,3
564562,スリッポン,3
304102,コンフォートシューズ,3
403982,カジュアルシューズ,3
216160,ローファー,3
564581,モカシン,3
563969,スノーシューズ,3
403975,ウォーキングシューズ,3
403986,福袋,3
112758,その他,3
110983,メンズ靴,2
206878,スニーカー,3
409406,ブーツ,3
304080,ビジネスシューズ,3
216138,ローファー,3
558927,モカシン,3
558924,デッキシューズ,3
558925,ドライビングシューズ,3
304084,コンフォートシューズ,3
403965,カジュアルシューズ,3
216133,サンダル,3
558926,スリッポン,3
403969,レインシューズ,3
563970,スノーシューズ,3
403961,ウォーキングシューズ,3
403973,福袋,3
112759,その他,3
216172,靴ケア用品・アクセサリ,2
216173,インソール（中敷）,3
409427,靴磨き,3
216179,ブラシ,3
216175,汚れ落とし,3
216176,滑り止め用品,3
216177,防水用品,3
409431,消臭・防臭用品,3
409434,シューキーパー（乾燥剤）,3
409437,靴ひも,3
216183,ストレッチャー,3
304108,外反母趾対策用品,3
216182,靴べら,3
216184,修理・補修用品,3
558912,シューパーツ,3
100484,その他,3
559278,その他,2
558929,腕時計,1
301981,メンズ腕時計,2
407471,ア行,3
407497,カ行,3
407505,サ行,3
407542,タ行,3
407570,ナ行,3
407573,ハ行,3
407588,マ行,3
564207,ヤ行,3
407591,ラ行,3
407611,ワ行,3
407612,その他,3
302050,レディース腕時計,2
407613,ア行,3
407615,カ行,3
407618,サ行,3
407621,タ行,3
407623,ナ行,3
407625,ハ行,3
407627,マ行,3
564168,ヤ行,3
407630,ラ行,3
407639,ワ行,3
407640,その他,3
302123,ペアウォッチ,2
407641,ア行,3
407643,カ行,3
407645,サ行,3
407647,タ行,3
407649,ナ行,3
407651,ハ行,3
407653,マ行,3
407655,ヤ行,3
407656,ラ行,3
407657,ワ行,3
407658,その他,3
302133,男女兼用腕時計,2
407659,ア行,3
407661,カ行,3
407663,サ行,3
407665,タ行,3
407667,ナ行,3
407669,ハ行,3
407671,マ行,3
407673,ヤ行,3
407674,ラ行,3
407675,ワ行,3
407676,その他,3
501263,キャラクター腕時計,2
564895,スマートウォッチ,2
302145,時計用ベルト・バンド,2
302146,メンズ,3
302158,レディース,3
505723,男女兼用,3
207201,その他,3
302178,ケア・修理用品・電池,2
505724,収納ケース（ワインディング機能なし）,3
505730,収納ケース（ワインディング機能あり）,3
402007,工具,3
302181,その他,3
112747,その他,2
558944,キッチン用品・食器・調理器具,1
100629,キッチン用品・雑貨・エプロン,2
401520,スポンジ,3
301442,キッチングローブ,3
301445,三角コーナー,3
301446,ふきん・カウンタークロス,3
215976,ミトン・鍋つかみ,3
401449,鍋敷き,3
100636,キッチンマット,3
401526,キッチンクロス,3
100635,アルミホイル・アルミ箔,3
401529,ナプキン,3
100633,ラップ,3
100632,キッチンペーパー,3
401532,クッキングシート,3
215977,シンクマット,3
301447,水きりネット,3
401534,エプロン,3
401539,ランチョンマット,3
401542,テーブルクロス,3
401545,お盆・トレー,3
559272,洗い桶,3
401560,爪楊枝,3
215981,ストロー,3
508477,コースター,3
100708,茶托,3
210167,キッチン小物,3
301450,脱臭剤（冷蔵庫用）,3
401563,脱臭剤（シンク下）,3
559261,シリコンラップ,3
101836,その他,3
100762,容器・ストッカー・調味料容器,2
215955,調味料入れ,3
401504,米びつ,3
401508,漬物樽,3
401514,おひつ,3
563542,ステンレスポット,3
100766,パスタボトル,3
401421,バターケース,3
100769,水差し,3
401519,保存バッグ,3
301441,冷凍ストッカー,3
564982,保存容器,3
401512,つけもの石,3
101855,その他,3
407057,お弁当グッズ,2
401550,お弁当箱,3
551847,マイ箸,3
565053,お弁当カップ,3
407060,その他,3
301364,箸・カトラリー,2
301365,カトラリーセット,3
101618,お箸セット,3
565045,ナイフ,3
565046,フォーク,3
565047,スプーン,3
215884,箸,3
501059,れんげ,3
401245,箸置き,3
401319,シュガーレードル,3
215888,マドラー,3
401322,ケーキサーバー,3
301366,その他,3
301257,洋食器,2
301258,大皿,3
301272,中皿,3
301286,小皿,3
301300,楕円皿,3
301314,角皿,3
215808,スープ皿,3
215814,グラタン皿,3
216755,パスタ皿,3
216756,カレー皿,3
215827,デザートプレート,3
215833,ケーキプレート,3
501054,ステーキ皿,3
407018,ランチプレート,3
301389,洋食器セット,3
301329,その他皿,3
301330,ライスボウル,3
301343,スープボウル,3
215858,サラダボウル,3
301363,その他ボウル,3
401338,シュガーポット,3
401342,ミルクポット,3
401346,ティーポット,3
401351,ドリップポット,3
301388,だしポット,3
215893,その他ポット,3
564983,グラス・タンブラー,3
401355,コーヒーカップ,3
401359,ティーカップ,3
100724,カフェオレボウル,3
401363,カップ&ソーサー,3
215903,マグカップ,3
505546,フリーカップ,3
215907,ピッチャー,3
401367,デキャンタ,3
407043,スープカップ,3
407045,プラスチックカップ,3
407046,アイスクリーム・デザートカップ,3
101852,その他カップ,3
301390,その他,3
100698,和食器,2
215784,大皿,3
215790,中皿,3
215796,小皿,3
215802,楕円皿,3
301124,角皿,3
101849,その他皿,3
215839,ご飯茶碗,3
100720,煮物碗,3
215849,丼,3
101851,その他椀,3
215864,大鉢,3
301185,中鉢,3
215874,小鉢,3
100714,浅鉢,3
215854,ラーメン鉢,3
100715,そばちょこ,3
101850,その他鉢,3
301211,ビアカップ・マグ,3
401273,コーヒーカップ,3
550045,カップ&ソーサー,3
301236,ティーカップ,3
505547,カフェオレボウル,3
505548,マグカップ,3
505549,フリーカップ,3
401292,酒器,3
301238,茶道具・湯呑・急須,3
113053,和食器セット,3
215844,汁椀・吸物椀,3
301256,その他,3
210206,子供向け食器,2
401368,キッズ用食器,3
210208,食器セット,3
508493,キャラクター食器,3
210215,その他,3
101848,その他食器,2
558945,鍋・フライパン,2
558946,パスタパン,3
215908,片手鍋,3
215913,両手鍋,3
558986,キャセロール鍋,3
558990,鉄鍋,3
558994,土鍋,3
558998,銅鍋,3
501065,中華鍋,3
559010,雪平鍋,3
501069,圧力鍋,3
563224,タジン鍋,3
559038,寸胴鍋,3
559042,ガラス鍋,3
559046,ご飯鍋,3
559050,蒸し器,3
559054,せいろ,3
559058,しゃぶしゃぶ鍋,3
559062,すき焼き鍋,3
559067,親子鍋,3
559071,おでん鍋,3
559075,天ぷら鍋,3
559079,餃子鍋,3
559083,石鍋,3
559087,ジンギスカン鍋,3
559091,ソースパン,3
559095,プチパン,3
559099,パエリア鍋,3
559103,フォンデュ鍋,3
559107,ミルクパン,3
559111,ケーキパン,3
559115,釜飯用品,3
401389,鍋蓋,3
101857,その他鍋,3
215927,フライパン,3
559203,グリルパン,3
559207,両面焼きフライパン,3
559211,オムレツパン,3
559215,クレープパン,3
559219,卵焼き器,3
559223,たこ焼きプレート,3
559227,たい焼き器,3
559231,ホットサンドメーカー,3
559235,ワッフルメーカー,3
210230,やかん・ケトル,3
559239,ドリップケトル,3
559247,その他,3
559248,調理・製菓道具,2
210216,包丁・ナイフ,3
215951,まな板,3
100788,調理小道具・下ごしらえ用品,3
301417,ざる・ボール・バット,3
301426,計量・タイマー・温度計,3
205804,お菓子作りアイテム,3
550066,パン作りアイテム,3
101856,その他,3
210238,調理機器・業務用厨房器具,2
401564,冷凍・冷蔵機器,3
210240,製氷機,3
401570,ショーケース,3
210233,コンロ・ガステーブル,3
301452,厨房機器,3
301484,調理器具,3
401575,タオルウォーマー,3
301513,調理小物,3
301514,軽食・鉄板焼用品,3
301515,製菓用品,3
301516,消耗品,3
301517,水周り用品,3
301518,長靴・白衣,3
210242,その他,3
210243,システムキッチン,2
564991,使い捨て食器,2
564993,使い捨て皿・器,3
564994,使い捨て弁当箱,3
564995,使い捨てカトラリー,3
215979,割り箸,3
215980,使い捨てカップ,3
564992,ワイン・バー用品,2
401432,アイストング,3
301410,アイスピック,3
401328,アイスペール,3
301399,カクテルグッズ,3
501077,ソムリエナイフ,3
204448,ポアラー,3
302810,ボトルホルダー,3
302809,ワイン・シャンパンセーバー,3
407049,ワインオープナー,3
506499,ワインクーラー,3
506505,ワインバッグ,3
302808,ワインラベルコレクション,3
401333,水割りセット,3
401337,その他,3
559275,その他,2
562637,家電,1
204200,生活家電,2
204492,掃除機,3
211966,業務用クリーナー,3
208538,ミシン,3
555420,毛玉取り,3
212584,アイロン・ズボンプレッサー,3
204491,洗濯機,3
208352,衣類乾燥機,3
208360,布団乾燥機,3
507574,くつ乾燥機,3
212632,旅行用家電,3
550692,リサイクル券,3
550693,付加サービス,3
563337,その他,3
562640,住宅設備家電,2
555421,ドアホン,3
501103,温水洗浄便座,3
562641,ヒートポンプ給湯機・エコキュート,3
562648,ソーラーパネル,3
564418,ガス給湯器,3
101758,その他,3
100644,キッチン家電,2
204490,冷蔵庫,3
211789,フリーザー（冷凍庫）,3
211782,業務用冷蔵庫,3
211807,業務用フリーザー（冷凍庫）,3
208343,ワインセラー,3
204585,電子レンジ・オーブンレンジ,3
564330,トースター,3
564331,電気フライヤー,3
204586,炊飯器,3
502747,ポット・電気ケトル,3
208419,ホットプレート,3
208429,グリル鍋,3
212386,電気コンロ,3
208435,ガステーブル,3
563229,精米機,3
208440,コーヒーメーカー,3
208452,エスプレッソメーカー,3
208478,ジューサー・ミキサー,3
409992,ハンドミキサー,3
208501,フードプロセッサー,3
204588,ホームベーカリー,3
212421,アイスクリームメーカー,3
212428,ヨーグルトメーカー,3
212433,もちつき器,3
208512,IH調理器,3
208489,食器洗い機,3
212408,食器乾燥機,3
212464,浄水器・整水器,3
212441,生ゴミ処理機,3
101766,その他,3
100191,美容・健康家電,2
208516,ドライヤー,3
212540,ヘアアイロン,3
212545,ホットカーラー,3
208527,頭皮ケア・ブラシ,3
208522,電動歯ブラシ,3
208532,メンズシェーバー,3
212567,脱毛器,3
212575,シェーバー・バリカン,3
201578,マッサージ器,3
101765,その他,3
100183,エアコン,2
212009,おもに6畳用,3
212021,おもに8畳用,3
404204,おもに10畳用,3
212033,おもに12畳用,3
212045,おもに14畳用,3
212057,おもに16畳用,3
212069,おもに18畳用,3
212081,おもに20畳用,3
212093,おもに21畳以上用,3
212117,エアコン関連用品,3
212141,エアコン掃除用品,3
212142,窓用エアコン,3
208369,業務用エアコン,3
100184,その他,3
502823,季節家電（冷暖房）,2
509427,冷風・衣類乾燥除湿機,3
204519,空気清浄機（本体）,3
212156,空気清浄機（関連商品）,3
208375,扇風機,3
409927,サーキュレーター（空気循環機）,3
204546,除湿機,3
204549,加湿器（本体）,3
212249,加湿器（関連用品）,3
100188,暖房器具,3
502824,その他,3
553158,電子辞書・FAX・電話,2
204600,電子辞書,3
212620,電卓,3
409979,FAX,3
208401,電話,3
553161,その他,3
563338,その他,2
564500,スマートフォン・タブレット,1
560029,タブレットPC本体,2
560050,タブレットPCアクセサリー,2
560051,タブレットカバー・ケース,3
560052,タブレット用液晶保護フィルム,3
560053,タブレット用キーボード,3
560054,タッチペン・スタイラス,3
560055,タブレット用スタンド,3
564501,タブレットPCバッグ,3
564502,タブレット用スキンシール,3
560059,その他,3
560202,スマートフォン本体,2
560276,スマートフォンアクセサリー,2
560271,スマートフォンケース,3
560278,スマートフォン用液晶保護フィルム,3
560279,スマートフォン用カメラレンズ,3
560280,スマートフォン用アンテナ,3
560283,スマートフォンスタンド,3
564275,イヤホンジャック・ピアス,3
564503,スマートフォン用スキンシール,3
564504,ホームボタンシール,3
564980,セルカ棒,3
564505,スマートフォン用三脚,3
564506,スマートフォン用修理パーツ,3
564507,スマートフォン用アームバンド・ホルスター,3
564981,スマートフォン用ホールドリング,3
560287,その他,3
564278,スマートフォン・タブレット用ケーブル・変換アダプター,2
408507,ヘッドセット・イヤフォンマイク,2
509433,バッテリー・充電器,2
509434,スマートフォン・タブレット用ACアダプター,3
509437,ソーラーチャージャー,3
564277,モバイルバッテリー,3
553229,交換用電池パック,3
565004,光回線・モバイル通信,1
565005,SIMカード,2
565009,音声通話SIM,3
565011,SMS対応SIM,3
565010,データ通信SIM,3
565012,プリペイドSIM,3
565006,SIMカード・端末セット,2
565013,SIMカード・スマートフォンセット,3
565014,SIMカード・タブレットセット,3
565015,SIMカード・WiFiルーターセット,3
565007,モバイルWi-Fi,2
565008,光回線,2
200143,その他,2
